WigleWifi-1.4,appRelease=2.25,model=GT-N7100,release=4.4.2,device=t03g,display=Android Revolution HD 31.0 by mike1986,board=smdk4x12,brand=samsung,,,
MAC,SSID,AuthMode,FirstSeen,Channel,RSSI,CurrentLatitude,CurrentLongitude,AltitudeMeters,AccuracyMeters,Type
e8:94:f6:01:ef:3e,TP-LINK_AP_01EF3E,[WPS][ESS],03/11/2017 18:47:55,6,-95,32.25354151,34.92189422,65.73381403,32,WIFI
56:35:30:78:d6:c3,DIRECT-Th-BRAVIA,[WPA2-PSK-CCMP][WPS][ESS],03/11/2017 18:47:55,11,-89,32.25354151,34.92189422,65.73381403,32,WIFI
b4:ee:b4:fe:29:23,HOTFiber-0953,[WPA-PSK-CCMP+TKIP][WPA2-PSK-CCMP+TKIP][ESS],03/11/2017 18:47:55,13,-91,32.25354151,34.92189422,65.73381403,32,WIFI
18:a6:f7:e1:89:a4,Suissa-Family-24,[WPA2-PSK-CCMP][WPS][ESS],03/11/2017 18:47:55,6,-92,32.25354151,34.92189422,65.73381403,32,WIFI
42502_22851_5611382,GOLAN T,UNKNOWN;il,03/11/2017 18:47:55,0,-87,32.25354151,34.92189422,65.73381403,32,GSM
14:ae:db:32:a4:f2,Landsmann2,[WPA2-PSK-CCMP][ESS],03/11/2017 18:47:57,5,-94,32.25354151,34.92189422,66.16675956,32,WIFI
fa:8f:ca:65:8c:8b,,[ESS],03/11/2017 18:47:57,6,-94,32.25354151,34.92189422,66.16675956,32,WIFI
84:16:f9:3b:c9:e4,Elkanovich 3rd floor,[WPA2-PSK-CCMP][WPS][ESS],03/11/2017 18:48:00,1,-95,32.25355332,34.92204114,68.71139127,32,WIFI
d4:6e:0e:fb:80:6e,ElkanovichSalon,[WPA-PSK-CCMP][WPA2-PSK-CCMP][WPS][ESS],03/11/2017 18:48:02,4,-90,32.25367437,34.92202671,70.35457996,24,WIFI
a0:4f:d4:2a:cc:f1,YAIR_2.4,[WPA2-PSK-CCMP][ESS],03/11/2017 18:48:07,1,-80,32.25413665,34.92220759,69.23544189,24,WIFI
5a:ab:1b:61:d2:f7,BezeqFree,[WPA2-PSK-CCMP][ESS],03/11/2017 18:48:07,9,-90,32.25413665,34.92220759,69.23544189,24,WIFI
a0:ab:1b:61:d2:f6,SHAULKOR,[WPA2-PSK-CCMP][ESS],03/11/2017 18:48:07,9,-91,32.25413665,34.92220759,69.23544189,24,WIFI
a0:04:60:88:33:af,YAIR_2.4_2GEXT,[WPA2-PSK-CCMP][WPS][ESS],03/11/2017 18:48:10,1,-88,32.25423239,34.92237965,72.21177022,24,WIFI
8e:f5:a3:c2:c2:9a,Shai,[WPA2-PSK-CCMP][ESS][SEC80],03/11/2017 18:48:10,1,-85,32.25423239,34.92237965,72.21177022,24,WIFI
c0:ac:54:f8:8b:06,HOTBOX-ED84,[WPA-PSK-CCMP+TKIP][WPA2-PSK-CCMP+TKIP][ESS],03/11/2017 18:48:10,11,-89,32.25423239,34.92237965,72.21177022,24,WIFI
f0:b4:29:e3:97:00,linksys,[WPA-PSK-CCMP+TKIP][WPA2-PSK-CCMP+TKIP][WPS][ESS],03/11/2017 18:48:10,11,-91,32.25423239,34.92237965,72.21177022,24,WIFI
c4:a8:1d:7b:e2:b6,dlink-E2B6,[WPA-PSK-CCMP+TKIP][WPA2-PSK-CCMP+TKIP][WPS][ESS],03/11/2017 18:48:10,6,-92,32.25423239,34.92237965,72.21177022,24,WIFI
b0:b2:8f:03:1a:a4,Lasker,[WPA-PSK-CCMP+TKIP][WPA2-PSK-CCMP+TKIP][ESS],03/11/2017 18:48:10,6,-92,32.25423239,34.92237965,72.21177022,24,WIFI
42502_22851_5610693,GOLAN T,UNKNOWN;il,03/11/2017 18:48:10,0,-85,32.25423239,34.92237965,72.21177022,24,GSM
00:90:8f:81:c0:54,012Smile,[WPA-PSK-CCMP+TKIP][WPA2-PSK-CCMP+TKIP][ESS],03/11/2017 18:48:13,10,-82,32.25445187,34.92257051,71.55329889,24,WIFI
74:da:3c:80:34:b8,012Smile,[WPA2-PSK-CCMP][ESS],03/11/2017 18:48:13,10,-85,32.25445187,34.92257051,71.55329889,24,WIFI
74:da:38:80:34:b7,012Smile_2EX,[WPA2-PSK-CCMP][WPS][ESS],03/11/2017 18:48:16,10,-92,32.25472237,34.92271117,71.89031318,24,WIFI
90:8d:78:51:b8:3b,home_5,[WPA2-PSK-CCMP][ESS],03/11/2017 18:48:16,48,-90,32.25472237,34.92271117,71.89031318,24,WIFI
c0:ff:d4:7b:c8:26,Gershon7745287,[WPA2-PSK-CCMP][WPS][ESS],03/11/2017 18:48:16,1,-92,32.25472237,34.92271117,71.89031318,24,WIFI
ec:8e:b5:01:73:0d,DIRECT-23-HP OfficeJet Pro 8710,[WPA2-PSK-CCMP][WPS][ESS],03/11/2017 18:48:16,6,-95,32.25472237,34.92271117,71.89031318,24,WIFI
c8:be:19:08:68:c9,baruch,[ESS],03/11/2017 18:48:16,11,-94,32.25472237,34.92271117,71.89031318,24,WIFI
42502_22851_5610699,GOLAN T,UNKNOWN;il,03/11/2017 18:48:16,0,-85,32.25472237,34.92271117,71.89031318,24,GSM
90:8d:78:51:b8:3c,home_2.4,[WPA2-PSK-CCMP][ESS],03/11/2017 18:48:19,8,-93,32.25487454,34.92282144,70.21858642,24,WIFI
74:da:da:07:6b:9f,DAP-1360,[WPA2-PSK-CCMP][ESS],03/11/2017 18:48:19,5,-95,32.25487454,34.92282144,70.21858642,24,WIFI
00:0c:c3:d0:21:8c,HOME,[WPA-PSK-CCMP+TKIP][WPA2-PSK-CCMP+TKIP][WPS][ESS],03/11/2017 18:48:19,11,-88,32.25487454,34.92282144,70.21858642,24,WIFI
14:ae:db:3b:66:a5,Tsur,[WPA2-PSK-CCMP][ESS],03/11/2017 18:48:19,1,-91,32.25487454,34.92282144,70.21858642,24,WIFI
c4:04:15:60:6e:e0,shmool,[WPA2-PSK-CCMP][WPS][ESS],03/11/2017 18:48:19,1,-92,32.25487454,34.92282144,70.21858642,24,WIFI
00:12:2a:1c:a7:8c,toibis,[WPA-PSK-CCMP+TKIP][WPA2-PSK-CCMP+TKIP][ESS],03/11/2017 18:48:19,1,-95,32.25487454,34.92282144,70.21858642,24,WIFI
14:ae:db:3b:66:a5,Tsur,[WPA2-PSK-CCMP][ESS],03/11/2017 18:48:22,1,-83,32.2550409,34.92285823,66.67069271,32,WIFI
c4:04:15:60:6e:e0,shmool,[WPA2-PSK-CCMP][WPS][ESS],03/11/2017 18:48:22,1,-81,32.2550409,34.92285823,66.67069271,32,WIFI
00:78:9e:fa:d2:98,gabay,[WPA-PSK-CCMP+TKIP][WPA2-PSK-CCMP+TKIP][ESS],03/11/2017 18:48:22,11,-86,32.2550409,34.92285823,66.67069271,32,WIFI
18:d6:c7:83:d9:5e,gabay,[WPA-PSK-CCMP+TKIP][WPA2-PSK-CCMP+TKIP][WPS][ESS],03/11/2017 18:48:22,11,-88,32.2550409,34.92285823,66.67069271,32,WIFI
00:90:8f:81:62:6c,Ofer,[WPA-PSK-CCMP+TKIP][WPA2-PSK-CCMP+TKIP][ESS],03/11/2017 18:48:22,9,-94,32.2550409,34.92285823,66.67069271,32,WIFI
52:04:15:60:6e:e1,Bezeq Free E0078F,[ESS],03/11/2017 18:48:22,1,-83,32.2550409,34.92285823,66.67069271,32,WIFI
3c:1e:04:08:46:a2,marini 2.4,[WPA2-PSK-CCMP][ESS],03/11/2017 18:48:24,6,-91,32.25522857,34.92291695,70.88566476,24,WIFI
e8:fc:af:81:c3:0d,shmool_2GEXT,[WPA2-PSK-CCMP][WPS][ESS],03/11/2017 18:48:24,1,-92,32.25522857,34.92291695,70.88566476,24,WIFI
c0:ac:54:f7:b3:d2,HOTBOX-3DE0,[WPA-PSK-CCMP+TKIP][WPA2-PSK-CCMP+TKIP][ESS],03/11/2017 18:48:24,11,-93,32.25522857,34.92291695,70.88566476,24,WIFI
18:a6:f7:6b:c1:00,Liat,[WPA-PSK-CCMP+TKIP][WPA2-PSK-CCMP+TKIP][WPS][ESS],03/11/2017 18:48:27,1,-86,32.25545038,34.92305943,67.43007791,24,WIFI
08:3e:5d:54:32:b3,HOTBOX-5DB2,[WPA-PSK-CCMP+TKIP][WPA2-PSK-CCMP+TKIP][ESS],03/11/2017 18:48:27,11,-88,32.25545038,34.92305943,67.43007791,24,WIFI
f4:f2:6d:2b:22:48,HOT,[WPA-PSK-CCMP][WPA2-PSK-CCMP][WPS][ESS],03/11/2017 18:48:27,10,-89,32.25545038,34.92305943,67.43007791,24,WIFI
28:80:23:d2:10:0a,HP-Print-0A-Officejet 6700,[WPA2-PSK-CCMP][ESS],03/11/2017 18:48:27,1,-90,32.25545038,34.92305943,67.43007791,24,WIFI
d0:84:b0:fe:c2:95,bat71,[WPA-PSK-CCMP+TKIP][WPA2-PSK-CCMP+TKIP][ESS],03/11/2017 18:48:27,1,-90,32.25545038,34.92305943,67.43007791,24,WIFI
a0:8c:fd:41:4e:c2,DIRECT-C1-HP DeskJet 4670 series,[WPA2-PSK-CCMP][ESS],03/11/2017 18:48:27,6,-92,32.25545038,34.92305943,67.43007791,24,WIFI
10:fe:ed:ca:8a:ae,gn1,[WPA-PSK-CCMP][WPA2-PSK-CCMP][WPS][ESS],03/11/2017 18:48:27,8,-94,32.25545038,34.92305943,67.43007791,24,WIFI
80:1f:02:4d:eb:6c,Sheffer,[WEP][ESS],03/11/2017 18:48:27,11,-94,32.25545038,34.92305943,67.43007791,24,WIFI
ec:08:6b:bc:68:0f,YAHAV_5GHz,[WPA2-PSK-CCMP][WPS][ESS],03/11/2017 18:48:30,40,-85,32.25568806,34.9232719,65.16584733,24,WIFI
ec:08:6b:bc:68:0d,YAHAV_2.4GHz,[WPA2-PSK-CCMP][WPS][ESS],03/11/2017 18:48:30,1,-86,32.25568806,34.9232719,65.16584733,24,WIFI
d8:42:ac:11:07:8e,Shwartzberg,[WPA2-PSK-CCMP][WPS][ESS],03/11/2017 18:48:30,2,-87,32.25568806,34.9232719,65.16584733,24,WIFI
ec:08:6b:77:c4:75,Home59,[WPA2-PSK-CCMP+TKIP][WPS][ESS],03/11/2017 18:48:30,11,-91,32.25568806,34.9232719,65.16584733,24,WIFI
3c:1e:04:03:97:74,Sharon_2.4,[WPA2-PSK-CCMP][ESS],03/11/2017 18:48:30,1,-93,32.25568806,34.9232719,65.16584733,24,WIFI
7c:03:4c:ba:97:7b,home,[WPA-PSK-CCMP+TKIP][WPA2-PSK-CCMP+TKIP][ESS],03/11/2017 18:48:30,11,-96,32.25568806,34.9232719,65.16584733,24,WIFI
fa:8f:ca:64:21:fa,,[ESS],03/11/2017 18:48:30,11,-94,32.25568806,34.9232719,65.16584733,24,WIFI
d8:42:ac:11:07:8e,Shwartzberg,[WPA2-PSK-CCMP][WPS][ESS],03/11/2017 18:48:33,2,-73,32.25595142,34.92347259,62.51274481,24,WIFI
f4:f2:6d:6d:81:17,AluTheKing,[WPA-PSK-CCMP+TKIP][WPA2-PSK-CCMP+TKIP][WPS][ESS],03/11/2017 18:48:33,11,-84,32.25595142,34.92347259,62.51274481,24,WIFI
c4:12:f5:f7:15:f2,Home59,[WPA2-PSK-CCMP][ESS],03/11/2017 18:48:33,11,-89,32.25595142,34.92347259,62.51274481,24,WIFI
10:5a:f7:0a:87:e9,Tova_2.4,[WPA2-PSK-CCMP][ESS],03/11/2017 18:48:33,1,-89,32.25595142,34.92347259,62.51274481,24,WIFI
80:1f:02:51:39:8a,EdimaxAP,[WPA2-PSK-CCMP][ESS],03/11/2017 18:48:33,11,-89,32.25595142,34.92347259,62.51274481,24,WIFI
00:1e:e5:43:95:d5,linksys,[WPA-PSK-CCMP+TKIP][WPA2-PSK-CCMP+TKIP][ESS],03/11/2017 18:48:33,10,-93,32.25595142,34.92347259,62.51274481,24,WIFI
14:af:db:ca:18:6a,BezeqFree,[WPA2-PSK-CCMP][ESS],03/11/2017 18:48:33,5,-95,32.25595142,34.92347259,62.51274481,24,WIFI
14:ae:db:ca:18:6a,Dana,[WPA2-PSK-CCMP][ESS],03/11/2017 18:48:33,5,-95,32.25595142,34.92347259,62.51274481,24,WIFI
fa:8f:ca:7b:72:57,?????,[ESS],03/11/2017 18:48:33,11,-86,32.25595142,34.92347259,62.51274481,24,WIFI
42502_22851_5610699,GOLAN T,UNKNOWN;il,03/11/2017 18:48:33,0,-81,32.25595142,34.92347259,62.51274481,24,GSM
14:af:db:ca:18:6a,BezeqFree,[WPA2-PSK-CCMP][ESS],03/11/2017 18:48:36,5,-90,32.25618129,34.92367687,62.29584524,24,WIFI
14:ae:db:ca:18:6a,Dana,[WPA2-PSK-CCMP][ESS],03/11/2017 18:48:36,5,-89,32.25618129,34.92367687,62.29584524,24,WIFI
fa:8f:ca:7b:72:57,?????,[ESS],03/11/2017 18:48:36,11,-78,32.25618129,34.92367687,62.29584524,24,WIFI
02:01:71:0d:b3:f2,Ami_Hasson,[WPA2-PSK-CCMP][ESS],03/11/2017 18:48:36,11,-90,32.25618129,34.92367687,62.29584524,24,WIFI
14:ae:db:3e:3b:aa,ami_hasson_2.4,[WPA2-PSK-CCMP][ESS],03/11/2017 18:48:36,1,-90,32.25618129,34.92367687,62.29584524,24,WIFI
74:da:39:97:67:e9,Limor13,[WPA2-PSK-CCMP][ESS],03/11/2017 18:48:36,7,-94,32.25618129,34.92367687,62.29584524,24,WIFI
14:ae:db:3e:3b:aa,ami_hasson_2.4,[WPA2-PSK-CCMP][ESS],03/11/2017 18:48:39,1,-83,32.25621618,34.92383156,65.1089002,24,WIFI
e8:ab:fa:10:4e:b7,ORON_FAMILY2,[WPA2-PSK-CCMP][WPS][ESS],03/11/2017 18:48:42,5,-89,32.25628185,34.923981,66.46881782,16,WIFI
14:ae:db:39:a5:5d,JDTEYH,[WPA2-PSK-CCMP][ESS],03/11/2017 18:48:42,6,-95,32.25628185,34.923981,66.46881782,16,WIFI
00:1f:1f:a9:fb:9f,Default,[WPS][ESS],03/11/2017 18:48:42,6,-93,32.25628185,34.923981,66.46881782,16,WIFI
00:1f:1f:a9:fb:9f,Default,[WPS][ESS],03/11/2017 18:48:45,6,-81,32.25641281,34.92397805,64.81898445,12,WIFI
14:ae:db:44:42:6d,tel,[WPA-PSK-CCMP+TKIP][WPA2-PSK-CCMP+TKIP][WPS][ESS],03/11/2017 18:48:45,11,-94,32.25641281,34.92397805,64.81898445,12,WIFI
14:ae:db:c9:c7:9a,Tamsfamily,[WPA2-PSK-CCMP][ESS],03/11/2017 18:48:45,1,-94,32.25641281,34.92397805,64.81898445,12,WIFI
14:af:db:c9:c7:9a,BezeqFree,[WPA2-PSK-CCMP][ESS],03/11/2017 18:48:45,1,-95,32.25641281,34.92397805,64.81898445,12,WIFI
f8:ab:05:eb:21:37,Eliran,[WPA-PSK-CCMP+TKIP][WPA2-PSK-CCMP+TKIP][ESS],03/11/2017 18:48:48,11,-90,32.25661437,34.92394608,64.58855702,16,WIFI
ec:08:6b:9f:84:13,rughugsh,[WPA2-PSK-CCMP][WPS][ESS],03/11/2017 18:48:51,8,-90,32.25693507,34.92399637,64.05072995,24,WIFI
c4:12:f5:1c:52:32,rughugsh-EXT,[WPA-PSK-CCMP+TKIP][WPA2-PSK-CCMP+TKIP][WPS][ESS],03/11/2017 18:48:51,8,-91,32.25693507,34.92399637,64.05072995,24,WIFI
f8:ab:05:4d:81:e1,HOTFiber-E703,[WPA-PSK-CCMP+TKIP][WPA2-PSK-CCMP+TKIP][ESS],03/11/2017 18:48:54,11,-85,32.25731521,34.92408058,63.06096781,16,WIFI
80:1f:02:3c:4f:34,RAZ3,[WPA2-PSK-CCMP-preauth][ESS],03/11/2017 18:48:54,4,-86,32.25731521,34.92408058,63.06096781,16,WIFI
f8:ab:05:4d:82:9f,HOTFiber-E703,[WPA-PSK-CCMP+TKIP][WPA2-PSK-CCMP+TKIP][ESS],03/11/2017 18:48:54,11,-90,32.25731521,34.92408058,63.06096781,16,WIFI
e8:fc:af:9a:34:1c,Tamir24_2.4G,[WPA2-PSK-CCMP][WPS][ESS],03/11/2017 18:48:54,1,-92,32.25731521,34.92408058,63.06096781,16,WIFI
c8:d3:ff:f9:50:95,DIRECT-94-HP OfficeJet 6950,[WPA2-PSK-CCMP][WPS][ESS],03/11/2017 18:48:54,4,-96,32.25731521,34.92408058,63.06096781,16,WIFI
6a:fc:af:9a:34:1d,Bezeq Free F0149E,[ESS],03/11/2017 18:48:54,1,-93,32.25731521,34.92408058,63.06096781,16,WIFI
42502_22851_5610699,GOLAN T,UNKNOWN;il,03/11/2017 18:48:54,0,-81,32.25731521,34.92408058,63.06096781,16,GSM
e4:6f:13:71:20:04,a-team1,[WPA2-PSK-CCMP][ESS],03/11/2017 18:48:57,2,-93,32.25761736,34.9241424,62.96353821,16,WIFI
6a:6f:13:71:20:05,BezeqFree,[WPA2-PSK-CCMP][ESS],03/11/2017 18:48:57,2,-93,32.25761736,34.9241424,62.96353821,16,WIFI
b4:ee:b4:fe:32:96,HOTFiber-E703,[WPA-PSK-CCMP+TKIP][WPA2-PSK-CCMP+TKIP][ESS],03/11/2017 18:48:57,11,-95,32.25761736,34.9241424,62.96353821,16,WIFI
e2:91:f5:b8:a9:23,Home_EXT,[WPA2-PSK-CCMP][WPS][ESS],03/11/2017 18:49:03,6,-90,32.2580192,34.92424355,58.69589657,16,WIFI
00:18:e7:fc:31:1a,wayneswirelessnetwork,[WPA-PSK-CCMP+TKIP][WPA2-PSK-CCMP+TKIP][ESS],03/11/2017 18:49:03,1,-92,32.2580192,34.92424355,58.69589657,16,WIFI
42502_22851_5611385,GOLAN T,HSDPA;il,03/11/2017 18:49:03,0,-85,32.2580192,34.92424355,58.69589657,16,GSM
40:b0:34:89:f8:22,DIRECT-21-HP OfficeJet Pro 6970,[WPA2-PSK-CCMP][WPS][ESS],03/11/2017 18:49:06,1,-93,32.25819851,34.92423239,53.90885738,24,WIFI
42502_22851_5611385,GOLAN T,HSDPA;il,03/11/2017 18:49:10,0,-79,32.25851108,34.92433064,49.42821774,12,GSM
42502_22851_5611388,GOLAN T,HSDPA;il,03/11/2017 18:49:13,0,-73,32.25890098,34.92448413,52.97280377,24,GSM
74:da:38:0e:db:94,maya_2EX,[WPA2-PSK-CCMP-preauth][WPS][ESS],03/11/2017 18:49:16,6,-95,32.25929125,34.92460399,57.94489392,12,WIFI
42502_22851_5611388,GOLAN T,HSDPA;il,03/11/2017 18:49:19,0,-67,32.25969065,34.92473273,58.94363965,16,GSM
c8:3a:35:b0:18:39,TheNinios-up,[WPA2-PSK-CCMP][WPS][ESS],03/11/2017 18:49:22,1,-96,32.26011858,34.92486017,60.74871018,16,WIFI
78:a3:51:1e:e8:24,OpenWrt,[ESS],03/11/2017 18:49:25,1,-94,32.26057182,34.92496277,60.42678251,16,WIFI
42502_22851_5611388,GOLAN T,HSDPA;il,03/11/2017 18:49:28,0,-65,32.26093648,34.92505058,58.4138225,12,GSM
28:6c:07:da:9c:40,Xiaomi_caravan,[WPA-PSK-CCMP+TKIP][WPA2-PSK-CCMP+TKIP][WPS][ESS],03/11/2017 18:49:37,13,-93,32.26148231,34.9252938,62.56101246,16,WIFI
42502_22851_5611382,GOLAN T,UNKNOWN;il,03/11/2017 18:49:44,0,-61,32.26163119,34.92507009,65.01074697,12,GSM
42502_22851_5581388,GOLAN T,HSDPA;il,03/11/2017 18:49:49,0,-63,32.26164833,34.92456293,66.45554046,24,GSM
14:ae:db:b3:03:55,GalFranses,[WPA2-PSK-CCMP][ESS],03/11/2017 18:49:55,11,-94,32.26174493,34.92355456,66.51956477,24,WIFI
74:ea:3a:fb:4e:06,TP-LINK_FB4E06,[ESS],03/11/2017 18:49:55,1,-98,32.26174493,34.92355456,66.51956477,24,WIFI
42502_22851_5581388,GOLAN T,HSDPA;il,03/11/2017 18:49:55,0,-65,32.26174493,34.92355456,66.51956477,24,GSM
06:ae:db:b3:03:55,BezeqFree,[WPA2-PSK-CCMP][ESS],03/11/2017 18:49:58,11,-93,32.26183332,34.92294903,66.67504191,24,WIFI
14:ae:db:b3:03:55,GalFranses,[WPA2-PSK-CCMP][ESS],03/11/2017 18:50:01,11,-90,32.26190542,34.92231435,66.91601283,16,WIFI
c4:12:f5:f6:02:e8,gold2,[WPA2-PSK-CCMP][ESS],03/11/2017 18:50:01,9,-95,32.26190542,34.92231435,66.91601283,16,WIFI
42502_22851_5581388,GOLAN T,HSDPA;il,03/11/2017 18:50:01,0,-71,32.26190542,34.92231435,66.91601283,16,GSM
42502_22851_5581388,GOLAN T,HSDPA;il,03/11/2017 18:50:07,0,-73,32.26193922,34.92110093,62.66673414,16,GSM
42502_22851_5581388,GOLAN T,HSDPA;il,03/11/2017 18:50:13,0,-71,32.26185967,34.91983509,63.61774133,16,GSM
c8:3a:35:38:3d:50,Sapir_Up,[WPA2-PSK-CCMP][ESS],03/11/2017 18:50:19,11,-90,32.26171875,34.9184526,61.25686304,16,WIFI
f8:d1:11:9c:7e:a4,bendavid,[WPA-PSK-CCMP+TKIP][WPA2-PSK-CCMP+TKIP][WPS][ESS],03/11/2017 18:50:19,1,-94,32.26171875,34.9184526,61.25686304,16,WIFI
42502_22851_5581388,GOLAN T,HSDPA;il,03/11/2017 18:50:19,0,-71,32.26171875,34.9184526,61.25686304,16,GSM
14:af:db:c9:c0:32,BezeqFree,[WPA2-PSK-CCMP][ESS],03/11/2017 18:50:22,10,-93,32.26164668,34.91776481,64.78748592,16,WIFI
14:ae:db:c9:c0:32,joshua,[WPA2-PSK-CCMP][ESS],03/11/2017 18:50:22,10,-94,32.26164668,34.91776481,64.78748592,16,WIFI
6c:2e:85:fe:f5:66,benzur,[WPA-PSK-CCMP+TKIP][WPA2-PSK-CCMP+TKIP][ESS],03/11/2017 18:50:22,1,-96,32.26164668,34.91776481,64.78748592,16,WIFI
c0:ac:54:f5:9b:c7,nanos,[WPA-PSK-CCMP+TKIP][WPA2-PSK-CCMP+TKIP][ESS],03/11/2017 18:50:25,1,-89,32.261601,34.91710869,64.64779579,16,WIFI
00:10:f3:61:67:98,G_wifi,[WPA-PSK-CCMP+TKIP][WPA2-PSK-CCMP+TKIP][ESS],03/11/2017 18:50:25,1,-92,32.261601,34.91710869,64.64779579,16,WIFI
e4:6f:13:71:e7:be,Bezeq_WiFi,[ESS],03/11/2017 18:50:25,11,-92,32.261601,34.91710869,64.64779579,16,WIFI
42502_22851_5581388,GOLAN T,HSDPA;il,03/11/2017 18:50:25,0,-73,32.261601,34.91710869,64.64779579,16,GSM
14:af:db:c9:c0:32,BezeqFree,[WPA2-PSK-CCMP][ESS],03/11/2017 18:50:28,10,-92,32.26153308,34.91653653,63.19686673,12,WIFI
10:be:f5:39:b9:46,yaron,[WPA2-PSK-CCMP][ESS],03/11/2017 18:50:28,10,-95,32.26153308,34.91653653,63.19686673,12,WIFI
d8:fb:5e:18:ef:d3,HOTBOX-EFCD,[WPA-PSK-CCMP+TKIP][WPA2-PSK-CCMP+TKIP][ESS],03/11/2017 18:50:31,1,-95,32.26144532,34.91612972,61.81815027,16,WIFI
14:58:d0:ff:2c:25,HP-Print-25-Deskjet 4640 series,[ESS],03/11/2017 18:50:31,6,-92,32.26144532,34.91612972,61.81815027,16,WIFI
42502_22851_5581858,GOLAN T,UNKNOWN;il,03/11/2017 18:50:31,0,-77,32.26144532,34.91612972,61.81815027,16,GSM
14:58:d0:ff:2c:25,HP-Print-25-Deskjet 4640 series,[ESS],03/11/2017 18:50:34,6,-87,32.26138594,34.9158564,60.8119194,24,WIFI
42502_22851_5581858,GOLAN T,UNKNOWN;il,03/11/2017 18:50:48,0,-79,32.26121691,34.91491927,55.6806586,24,GSM
42502_22851_5631854,GOLAN T,HSDPA;il,03/11/2017 18:50:54,0,-77,32.26104376,34.91380641,52.92816013,16,GSM
42502_22851_5631857,GOLAN T,HSDPA;il,03/11/2017 18:51:00,0,-69,32.26083328,34.9125082,51.40067371,12,GSM
42502_22851_5631857,GOLAN T,HSDPA;il,03/11/2017 18:51:06,0,-63,32.26069021,34.91111228,52.64061473,24,GSM
42502_22851_5611851,GOLAN T,HSDPA;il,03/11/2017 18:51:09,0,-63,32.26060646,34.91040373,51.16105572,16,GSM
42502_22851_5631856,GOLAN T,HSDPA;il,03/11/2017 18:51:15,0,-69,32.26044586,34.90888886,45.5134989,24,GSM
42502_22851_5631856,GOLAN T,HSDPA;il,03/11/2017 18:51:20,0,-69,32.26030804,34.90754156,45.839182,16,GSM
42502_22851_5631856,GOLAN T,HSDPA;il,03/11/2017 18:51:26,0,-65,32.26012147,34.90600159,46.54921684,16,GSM
42502_22851_5631856,GOLAN T,HSDPA;il,03/11/2017 18:51:32,0,-65,32.25985605,34.9044365,47.10624788,12,GSM
42502_22851_5617105,GOLAN T,HSDPA;il,03/11/2017 18:51:35,0,-67,32.25968383,34.90364676,49.14494751,24,GSM
14:ae:db:3c:eb:72,Elvis wifi,[WPA2-PSK-CCMP][ESS],03/11/2017 18:51:41,1,-89,32.2592325,34.90216775,49.55154367,24,WIFI
42502_22851_5617105,GOLAN T,HSDPA;il,03/11/2017 18:51:41,0,-65,32.2592325,34.90216775,49.55154367,24,GSM
84:a1:d1:0f:3e:bc,HOTFiber-3511,[WPA-PSK-CCMP+TKIP][WPA2-PSK-CCMP+TKIP][ESS],03/11/2017 18:51:44,11,-91,32.25896115,34.90150353,53.47179215,16,WIFI
42502_22851_5617102,GOLAN T,HSDPA;il,03/11/2017 18:51:44,0,-65,32.25896115,34.90150353,53.47179215,16,GSM
00:15:6d:72:ce:db,main gaet ap,[ESS],03/11/2017 18:51:50,1,-97,32.25840687,34.90045877,55.24602487,16,WIFI
42502_22851_5617102,GOLAN T,HSDPA;il,03/11/2017 18:51:50,0,-73,32.25840687,34.90045877,55.24602487,16,GSM
dc:ee:06:16:d7:21,Raz_Car,[WPA2-PSK-CCMP][WPS][ESS],03/11/2017 18:51:59,11,-83,32.25769377,34.89925009,48.01163066,16,WIFI
42502_22851_5617102,GOLAN T,HSDPA;il,03/11/2017 18:51:59,0,-73,32.25769377,34.89925009,48.01163066,16,GSM
42502_22851_5617102,GOLAN T,HSDPA;il,03/11/2017 18:52:05,0,-73,32.25716471,34.89821362,42.7626625,16,GSM
42502_22851_5617102,GOLAN T,HSDPA;il,03/11/2017 18:52:11,0,-71,32.25661262,34.89704223,40.98817956,12,GSM
42502_22851_5617102,GOLAN T,HSDPA;il,03/11/2017 18:52:17,0,-61,32.25617442,34.89566263,42.02719851,16,GSM
42502_22851_5617102,GOLAN T,HSDPA;il,03/11/2017 18:52:23,0,-59,32.25586781,34.89438383,47.46072388,12,GSM
42502_22851_5617102,GOLAN T,HSDPA;il,03/11/2017 18:52:38,0,-65,32.25666435,34.89325226,49.79359878,16,GSM
42502_22851_5617102,GOLAN T,HSDPA;il,03/11/2017 18:52:47,0,-65,32.2580128,34.89249154,45.51973479,24,GSM
42502_22851_5617102,GOLAN T,HSDPA;il,03/11/2017 18:52:53,0,-79,32.25914233,34.89240107,43.13462144,16,GSM
42502_22851_5617101,GOLAN T,HSDPA;il,03/11/2017 18:52:56,0,-79,32.25975803,34.89250459,39.49983852,16,GSM
42502_22851_5617101,GOLAN T,HSDPA;il,03/11/2017 18:53:02,0,-79,32.26095792,34.89273893,36.39971232,12,GSM
00:1e:42:14:28:9d,TAMAR WIFI,[WPA2-PSK-CCMP][ESS],03/11/2017 18:53:08,9,-93,32.26221302,34.89294389,34.92221494,12,WIFI
00:1e:42:14:8b:be,TAMAR WIFI,[WPA2-PSK-CCMP][ESS],03/11/2017 18:53:08,4,-95,32.26221302,34.89294389,34.92221494,12,WIFI
00:1e:42:14:29:c9,TAMAR WIFI,[WPA2-PSK-CCMP][ESS],03/11/2017 18:53:08,11,-95,32.26221302,34.89294389,34.92221494,12,WIFI
42502_22851_5617101,GOLAN T,HSDPA;il,03/11/2017 18:53:08,0,-77,32.26221302,34.89294389,34.92221494,12,GSM
00:1e:42:14:28:9d,TAMAR WIFI,[WPA2-PSK-CCMP][ESS],03/11/2017 18:53:10,9,-88,32.26268001,34.89301102,33.77949222,16,WIFI
00:1e:42:14:8b:be,TAMAR WIFI,[WPA2-PSK-CCMP][ESS],03/11/2017 18:53:10,4,-86,32.26268001,34.89301102,33.77949222,16,WIFI
00:1e:42:14:29:c9,TAMAR WIFI,[WPA2-PSK-CCMP][ESS],03/11/2017 18:53:10,11,-87,32.26268001,34.89301102,33.77949222,16,WIFI
00:1e:42:14:28:9d,TAMAR WIFI,[WPA2-PSK-CCMP][ESS],03/11/2017 18:53:14,9,-80,32.26361238,34.89316169,33.18618805,24,WIFI
42502_22851_5617101,GOLAN T,HSDPA;il,03/11/2017 18:53:14,0,-81,32.26361238,34.89316169,33.18618805,24,GSM
00:1e:42:14:8b:be,TAMAR WIFI,[WPA2-PSK-CCMP][ESS],03/11/2017 18:53:17,4,-93,32.26433285,34.89327243,34.47765515,16,WIFI
00:0e:f4:de:52:2e,Gizmo4ever,[WPA2-PSK-CCMP][ESS],03/11/2017 18:53:17,1,-94,32.26433285,34.89327243,34.47765515,16,WIFI
a4:2b:b0:e0:2e:a1,Keren-Paz-AP,[WPA-PSK-CCMP+TKIP][WPA2-PSK-CCMP+TKIP][WPS][ESS],03/11/2017 18:53:20,10,-92,32.26509009,34.89339278,34.90537006,16,WIFI
42502_22851_5617101,GOLAN T,HSDPA;il,03/11/2017 18:53:20,0,-79,32.26509009,34.89339278,34.90537006,16,GSM
42502_22851_5617101,GOLAN T,HSDPA;il,03/11/2017 18:53:23,0,-73,32.26583493,34.89352479,35.18335063,12,GSM
88:1f:a1:36:66:84,SHERF family,[WPA2-PSK-CCMP][ESS],03/11/2017 18:53:26,6,-88,32.26654585,34.89364953,35.38080695,12,WIFI
14:ae:db:54:67:b5,Hanhaga,[WPA-PSK-CCMP][WPA2-PSK-CCMP][ESS],03/11/2017 18:53:26,11,-92,32.26654585,34.89364953,35.38080695,12,WIFI
00:1e:42:14:28:9d,TAMAR WIFI,[WPA2-PSK-CCMP][ESS],03/11/2017 18:53:26,9,-94,32.26654585,34.89364953,35.38080695,12,WIFI
68:72:51:1a:9b:a2,ubnt,[WPA2-PSK-CCMP][ESS],03/11/2017 18:53:29,8,-96,32.26725549,34.89377515,37.29670675,12,WIFI
42502_22851_5617101,GOLAN T,HSDPA;il,03/11/2017 18:53:29,0,-73,32.26725549,34.89377515,37.29670675,12,GSM
42502_22851_5615152,GOLAN T,UNKNOWN;il,03/11/2017 18:53:32,0,-73,32.26797077,34.89389911,40.64466715,12,GSM
00:21:04:8d:78:c2,ofer,[WPA-PSK-CCMP+TKIP][WPA2-PSK-CCMP+TKIP][ESS],03/11/2017 18:53:38,6,-95,32.26929066,34.89416405,42.70740869,16,WIFI
42502_22851_5615152,GOLAN T,UNKNOWN;il,03/11/2017 18:53:38,0,-73,32.26929066,34.89416405,42.70740869,16,GSM
42502_22851_5615152,GOLAN T,UNKNOWN;il,03/11/2017 18:53:44,0,-85,32.27045351,34.89438026,42.27679316,16,GSM
dc:9f:db:68:be:25,raanan ap,[ESS],03/11/2017 18:53:47,13,-87,32.27101196,34.89445388,43.55435155,16,WIFI
42502_22851_5611383,GOLAN T,HSDPA;il,03/11/2017 18:53:47,0,-87,32.27101196,34.89445388,43.55435155,16,GSM
42502_22851_5617101,GOLAN T,HSDPA;il,03/11/2017 18:53:50,0,-89,32.27161078,34.89456804,46.01800351,16,GSM
dc:9f:db:68:be:25,raanan ap,[ESS],03/11/2017 18:53:53,13,-95,32.27223576,34.89469335,46.75115812,32,WIFI
42502_22851_5617101,GOLAN T,HSDPA;il,03/11/2017 18:53:56,0,-85,32.27289868,34.89482328,49.27876948,24,GSM
dc:9f:db:68:be:25,raanan ap,[ESS],03/11/2017 18:53:59,13,-89,32.27351367,34.89493992,51.79231552,16,WIFI
32:07:4d:06:2a:2a,AndroidAP,[WPA2-PSK-CCMP][ESS][SEC80],03/11/2017 18:54:02,11,-97,32.27415232,34.89505485,53.82273,16,WIFI
42502_22851_5615151,GOLAN T,UNKNOWN;il,03/11/2017 18:54:02,0,-85,32.27415232,34.89505485,53.82273,16,GSM
08:3e:5d:61:5f:cd,Simona,[WPA-PSK-CCMP+TKIP][WPA2-PSK-CCMP+TKIP][ESS],03/11/2017 18:54:08,6,-96,32.27542238,34.89528084,54.48316811,12,WIFI
42502_22851_5615151,GOLAN T,UNKNOWN;il,03/11/2017 18:54:08,0,-87,32.27542238,34.89528084,54.48316811,12,GSM
08:6a:0a:22:0f:44,HOTBOX-0F3E,[WPA-PSK-CCMP+TKIP][WPA2-PSK-CCMP+TKIP][ESS],03/11/2017 18:54:11,1,-92,32.27607337,34.89537896,56.04632126,16,WIFI
42502_22851_5611903,GOLAN T,HSDPA;il,03/11/2017 18:54:14,0,-87,32.27673764,34.89549009,57.47216733,16,GSM
42502_22851_5612872,GOLAN T,HSDPA;il,03/11/2017 18:54:20,0,-91,32.27816175,34.89577575,57.43980961,16,GSM
44:d1:fa:07:6d:5d,Arda_Factory_WIFI,[WPA-PSK-CCMP+TKIP][WPA2-PSK-CCMP+TKIP][ESS],03/11/2017 18:54:26,7,-93,32.27957728,34.89605879,59.20812423,8,WIFI
be:30:7d:bb:11:d0,hoshen-pm,[WPA-PSK-CCMP+TKIP][WPA2-PSK-CCMP+TKIP][ESS],03/11/2017 18:54:26,6,-94,32.27957728,34.89605879,59.20812423,8,WIFI
42502_22851_5612872,GOLAN T,HSDPA;il,03/11/2017 18:54:26,0,-85,32.27957728,34.89605879,59.20812423,8,GSM
42502_22851_5612872,GOLAN T,HSDPA;il,03/11/2017 18:54:29,0,-77,32.28025712,34.89616856,61.84992743,24,GSM
42502_22851_5612872,GOLAN T,HSDPA;il,03/11/2017 18:54:34,0,-79,32.28136368,34.89634542,64.40154271,12,GSM
2e:f0:a2:ac:30:a2,eran's phone??,[WPA2-PSK-CCMP][ESS],03/11/2017 18:54:40,6,-94,32.28267006,34.89659534,59.41347505,24,WIFI
42502_22851_5612872,GOLAN T,HSDPA;il,03/11/2017 18:54:40,0,-81,32.28267006,34.89659534,59.41347505,24,GSM
14:9d:09:80:13:71,HUAWEI-1371,[WPA2-PSK-CCMP][WPS][ESS],03/11/2017 18:54:43,6,-82,32.28331709,34.89673788,52.18893208,24,WIFI
58:70:c6:02:a7:90,YICarCam_02a790,[WPA2-PSK-CCMP][WPS][ESS],03/11/2017 18:54:43,5,-84,32.28331709,34.89673788,52.18893208,24,WIFI
42502_22851_5612872,GOLAN T,HSDPA;il,03/11/2017 18:54:43,0,-75,32.28331709,34.89673788,52.18893208,24,GSM
14:9d:09:80:13:71,HUAWEI-1371,[WPA2-PSK-CCMP][WPS][ESS],03/11/2017 18:54:49,6,-86,32.28456764,34.89698168,45.61680003,24,WIFI
42502_22851_5612872,GOLAN T,HSDPA;il,03/11/2017 18:54:49,0,-85,32.28456764,34.89698168,45.61680003,24,GSM
02:21:b1:15:01:15,TF-WIFI_392762,[IBSS],03/11/2017 18:54:55,1,-94,32.28588536,34.89719752,55.06672165,32,WIFI
42502_22851_5612872,GOLAN T,HSDPA;il,03/11/2017 18:54:55,0,-89,32.28588536,34.89719752,55.06672165,32,GSM
14:ae:db:48:bc:ed,tamara,[WPA2-PSK-CCMP][ESS],03/11/2017 18:54:58,9,-91,32.28658378,34.89731911,61.41798987,12,WIFI
06:ae:db:48:bc:ed,BezeqFree,[WPA2-PSK-CCMP][ESS],03/11/2017 18:54:58,9,-94,32.28658378,34.89731911,61.41798987,12,WIFI
42502_22851_5617101,GOLAN T,HSDPA;il,03/11/2017 18:54:58,0,-89,32.28658378,34.89731911,61.41798987,12,GSM
ac:cf:23:48:b7:ff,SunT-88,[WPA2-PSK-CCMP][ESS],03/11/2017 18:55:04,1,-95,32.28803898,34.89758016,66.02383144,12,WIFI
e8:cc:18:ee:69:c1,Bezeq-N_ee69c0,[ESS],03/11/2017 18:55:04,6,-95,32.28803898,34.89758016,66.02383144,12,WIFI
42502_22851_5617101,GOLAN T,HSDPA;il,03/11/2017 18:55:04,0,-93,32.28803898,34.89758016,66.02383144,12,GSM
42502_22851_5612871,GOLAN T,HSDPA;il,03/11/2017 18:55:10,0,-97,32.289557,34.89786231,61.22186643,12,GSM
42502_22851_5612871,GOLAN T,HSDPA;il,03/11/2017 18:55:16,0,-97,32.29105738,34.89816247,59.33209463,12,GSM
42502_22851_5612871,GOLAN T,HSDPA;il,03/11/2017 18:55:22,0,-97,32.29255417,34.89841794,57.37485143,16,GSM
4e:66:41:41:b9:cc,AndroidAP,[WPA2-PSK-CCMP][ESS][SEC80],03/11/2017 18:55:27,10,-89,32.29382902,34.89868278,53.33433782,16,WIFI
42502_22851_4042559,GOLAN T,HSDPA;il,03/11/2017 18:55:27,0,-97,32.29382902,34.89868278,53.33433782,16,GSM
42502_33611_4042559,GOLAN T,HSDPA;il,03/11/2017 18:55:30,0,-97,32.29460335,34.898846,53.90773061,16,GSM
42502_33611_4042559,GOLAN T,HSDPA;il,03/11/2017 18:55:36,0,-95,32.29614795,34.89915355,52.86402388,12,GSM
42502_33611_4042559,GOLAN T,HSDPA;il,03/11/2017 18:55:39,0,-85,32.29695563,34.89931373,54.19245405,24,GSM
42502_33611_4042559,GOLAN T,HSDPA;il,03/11/2017 18:55:42,0,-79,32.29775514,34.89946142,53.58375428,16,GSM
42502_33611_4042559,GOLAN T,HSDPA;il,03/11/2017 18:55:48,0,-75,32.29933688,34.89979436,53.34078344,12,GSM
78:d3:8d:f7:d6:26,VAmezuka2.4TEST,[WPA-PSK-CCMP+TKIP][WPA2-PSK-CCMP+TKIP][ESS],03/11/2017 18:55:51,7,-95,32.30012144,34.89994276,53.28686223,12,WIFI
58:70:c6:fb:ed:b2,YICarCam_fbedb2,[WPA2-PSK-CCMP][WPS][ESS],03/11/2017 18:55:54,7,-82,32.30087743,34.90006465,57.84427118,24,WIFI
42502_33611_4042559,GOLAN T,HSDPA;il,03/11/2017 18:55:54,0,-71,32.30087743,34.90006465,57.84427118,24,GSM
78:d3:8d:f7:d6:26,VAmezuka2.4TEST,[WPA-PSK-CCMP+TKIP][WPA2-PSK-CCMP+TKIP][ESS],03/11/2017 18:55:57,7,-90,32.30160718,34.90020355,60.51636183,12,WIFI
42502_33611_4042559,GOLAN T,HSDPA;il,03/11/2017 18:56:00,0,-73,32.30225544,34.90032987,61.06067456,16,GSM
78:d3:8d:f7:d6:26,VAmezuka2.4TEST,[WPA-PSK-CCMP+TKIP][WPA2-PSK-CCMP+TKIP][ESS],03/11/2017 18:56:03,7,-95,32.30279596,34.90042217,61.2374345,16,WIFI
42502_33611_4062562,GOLAN T,HSDPA;il,03/11/2017 18:56:03,0,-69,32.30279596,34.90042217,61.2374345,16,GSM
78:d3:8d:f7:d6:26,VAmezuka2.4TEST,[WPA-PSK-CCMP+TKIP][WPA2-PSK-CCMP+TKIP][ESS],03/11/2017 18:56:07,7,-90,32.30337739,34.90050977,64.28987325,16,WIFI
42502_33611_4062562,GOLAN T,HSDPA;il,03/11/2017 18:56:13,0,-69,32.30388684,34.90059928,66.55017751,16,GSM
42502_33611_4062560,GOLAN T,HSDPA;il,03/11/2017 18:56:19,0,-67,32.30414486,34.90062683,66.11413679,12,GSM
78:d3:8d:f7:d6:26,VAmezuka2.4TEST,[WPA-PSK-CCMP+TKIP][WPA2-PSK-CCMP+TKIP][ESS],03/11/2017 18:56:30,7,-88,32.30532874,34.90082579,68.36407783,16,WIFI
42502_33611_4062560,GOLAN T,HSDPA;il,03/11/2017 18:56:30,0,-65,32.30532874,34.90082579,68.36407783,16,GSM
78:d3:8d:f7:d6:26,VAmezuka2.4TEST,[WPA-PSK-CCMP+TKIP][WPA2-PSK-CCMP+TKIP][ESS],03/11/2017 18:56:36,7,-90,32.30633029,34.90101908,64.45732149,12,WIFI
42502_33611_4062560,GOLAN T,HSDPA;il,03/11/2017 18:56:36,0,-65,32.30633029,34.90101908,64.45732149,12,GSM
78:d3:8d:f7:d6:26,VAmezuka2.4TEST,[WPA-PSK-CCMP+TKIP][WPA2-PSK-CCMP+TKIP][ESS],03/11/2017 18:56:39,7,-84,32.30689953,34.90114059,61.19659413,12,WIFI
08:97:58:33:45:1a,wifi in car-0889,[WPA-PSK-CCMP][WPS][ESS],03/11/2017 18:56:39,2,-90,32.30689953,34.90114059,61.19659413,12,WIFI
78:d3:8d:f7:d6:26,VAmezuka2.4TEST,[WPA-PSK-CCMP+TKIP][WPA2-PSK-CCMP+TKIP][ESS],03/11/2017 18:56:42,7,-72,32.30750336,34.90125464,58.74668812,16,WIFI
42502_33611_4062560,GOLAN T,HSDPA;il,03/11/2017 18:56:42,0,-69,32.30750336,34.90125464,58.74668812,16,GSM
42502_33611_4062563,GOLAN T,HSDPA;il,03/11/2017 18:56:45,0,-69,32.30817606,34.9013803,58.82086301,12,GSM
78:d3:8d:f7:d6:26,VAmezuka2.4TEST,[WPA-PSK-CCMP+TKIP][WPA2-PSK-CCMP+TKIP][ESS],03/11/2017 18:56:48,7,-96,32.30886989,34.90151569,61.81943003,16,WIFI
00:18:25:16:6d:10,Nordia1,[WPA2-PSK-CCMP][ESS],03/11/2017 18:56:51,1,-89,32.30958309,34.90166879,62.83992833,12,WIFI
42502_33611_4062563,GOLAN T,HSDPA;il,03/11/2017 18:56:51,0,-69,32.30958309,34.90166879,62.83992833,12,GSM
78:d3:8d:f7:d6:26,VAmezuka2.4TEST,[WPA-PSK-CCMP+TKIP][WPA2-PSK-CCMP+TKIP][ESS],03/11/2017 18:56:54,7,-87,32.31030132,34.90179802,61.21863589,12,WIFI
dc:9f:db:32:38:95,DIR1,[WPA2-PSK-TKIP][ESS],03/11/2017 18:56:54,13,-96,32.31030132,34.90179802,61.21863589,12,WIFI
00:18:25:16:6d:10,Nordia1,[WPA2-PSK-CCMP][ESS],03/11/2017 18:56:57,1,-90,32.31106956,34.90193318,60.31638424,12,WIFI
42502_33611_4062563,GOLAN T,HSDPA;il,03/11/2017 18:56:57,0,-69,32.31106956,34.90193318,60.31638424,12,GSM
78:d3:8d:f7:d6:26,VAmezuka2.4TEST,[WPA-PSK-CCMP+TKIP][WPA2-PSK-CCMP+TKIP][ESS],03/11/2017 18:57:00,7,-88,32.31184062,34.90208508,57.90454899,16,WIFI
01:0c:cc:00:00:00,GSDEMO,[ESS],03/11/2017 18:57:00,1,-74,32.31184062,34.90208508,57.90454899,16,WIFI
42502_33611_4042557,GOLAN T,HSDPA;il,03/11/2017 18:57:00,0,-71,32.31184062,34.90208508,57.90454899,16,GSM
00:18:25:16:6d:10,Nordia1,[WPA2-PSK-CCMP][ESS],03/11/2017 18:57:03,1,-93,32.31261744,34.90224322,54.02742367,24,WIFI
68:72:51:0c:2b:b3,8to9,[WPA2-PSK-CCMP][ESS],03/11/2017 18:57:03,8,-97,32.31261744,34.90224322,54.02742367,24,WIFI
78:d3:8d:f7:d6:26,VAmezuka2.4TEST,[WPA-PSK-CCMP+TKIP][WPA2-PSK-CCMP+TKIP][ESS],03/11/2017 18:57:06,7,-83,32.31338326,34.90239448,52.78337283,12,WIFI
42502_33611_4042557,GOLAN T,HSDPA;il,03/11/2017 18:57:06,0,-73,32.31338326,34.90239448,52.78337283,12,GSM
42502_33611_4042557,GOLAN T,HSDPA;il,03/11/2017 18:57:12,0,-77,32.31481226,34.90267482,58.723528,12,GSM
42502_33611_4042557,GOLAN T,HSDPA;il,03/11/2017 18:57:18,0,-75,32.31625379,34.902947,61.69152477,16,GSM
42502_33611_4042557,GOLAN T,HSDPA;il,03/11/2017 18:57:24,0,-81,32.31776925,34.90323912,64.3149938,12,GSM
68:72:51:1a:4e:cf,4to25,[WPA2-PSK-CCMP][ESS],03/11/2017 18:57:27,11,-85,32.3184836,34.90337275,63.69284634,16,WIFI
00:18:25:16:68:b0,GanotHadar,[WPA2-PSK-CCMP][ESS],03/11/2017 18:57:27,1,-89,32.3184836,34.90337275,63.69284634,16,WIFI
00:18:25:16:68:b0,GanotHadar,[WPA2-PSK-CCMP][ESS],03/11/2017 18:57:30,1,-69,32.31912788,34.90349313,62.81117454,12,WIFI
42502_33611_4042557,GOLAN T,HSDPA;il,03/11/2017 18:57:30,0,-81,32.31912788,34.90349313,62.81117454,12,GSM
68:72:51:1a:4e:cf,4to25,[WPA2-PSK-CCMP][ESS],03/11/2017 18:57:33,11,-85,32.31971458,34.90362419,60.99403435,24,WIFI
00:18:25:16:68:b0,GanotHadar,[WPA2-PSK-CCMP][ESS],03/11/2017 18:57:36,1,-86,32.32034807,34.90374797,59.55798359,24,WIFI
00:18:25:16:64:00,Nordia4,[WPA2-PSK-CCMP][ESS],03/11/2017 18:57:36,1,-91,32.32034807,34.90374797,59.55798359,24,WIFI
42502_33611_4042299,GOLAN T,HSDPA;il,03/11/2017 18:57:36,0,-83,32.32034807,34.90374797,59.55798359,24,GSM
68:72:51:1a:4e:cf,4to25,[WPA2-PSK-CCMP][ESS],03/11/2017 18:57:39,11,-85,32.32099763,34.90390304,59.46505802,16,WIFI
00:18:25:16:68:b0,GanotHadar,[WPA2-PSK-CCMP][ESS],03/11/2017 18:57:39,1,-72,32.32099763,34.90390304,59.46505802,16,WIFI
24:a4:3c:94:c0:8b,,[WPA2-PSK-CCMP][ESS],03/11/2017 18:57:39,9,-95,32.32099763,34.90390304,59.46505802,16,WIFI
08:97:58:33:4e:0c,wifi in car-2034,[WPA-PSK-CCMP][WPS][ESS],03/11/2017 18:57:42,2,-91,32.32160086,34.90405312,56.37835809,16,WIFI
42502_33611_4042299,GOLAN T,HSDPA;il,03/11/2017 18:57:42,0,-77,32.32160086,34.90405312,56.37835809,16,GSM
68:72:51:1a:4e:cf,4to25,[WPA2-PSK-CCMP][ESS],03/11/2017 18:57:45,11,-87,32.32209273,34.90416358,55.26567063,12,WIFI
00:18:25:16:68:b0,GanotHadar,[WPA2-PSK-CCMP][ESS],03/11/2017 18:57:51,1,-89,32.32280238,34.90430254,54.55150203,12,WIFI
42502_33611_4042298,GOLAN T,UNKNOWN;il,03/11/2017 18:57:51,0,-71,32.32280238,34.90430254,54.55150203,12,GSM
58:70:c6:f6:21:e2,YICarCam_f621e2,[WPA2-PSK-CCMP][WPS][ESS],03/11/2017 18:57:54,5,-93,32.32298652,34.90433987,53.92140617,12,WIFI
58:70:c6:f7:77:f3,YICarCam_f777f3,[WPA2-PSK-CCMP][WPS][ESS],03/11/2017 18:57:54,5,-95,32.32298652,34.90433987,53.92140617,12,WIFI
42502_33611_4042298,GOLAN T,UNKNOWN;il,03/11/2017 18:57:54,0,-65,32.32298652,34.90433987,53.92140617,12,GSM
58:70:c6:f7:77:f3,YICarCam_f777f3,[WPA2-PSK-CCMP][WPS][ESS],03/11/2017 18:57:57,5,-90,32.3230414,34.90435127,53.97936171,16,WIFI
42502_33611_4042299,GOLAN T,HSDPA;il,03/11/2017 18:58:02,0,-69,32.3230414,34.90435127,53.9934197,12,GSM
42502_33611_4062301,GOLAN T,HSDPA;il,03/11/2017 18:58:17,0,-69,32.3230414,34.90435127,53.9385498,8,GSM
42502_33611_4062304,GOLAN T,HSDPA;il,03/11/2017 18:58:20,0,-67,32.3230414,34.90435127,53.93660432,6,GSM
42502_33611_4062301,GOLAN T,HSDPA;il,03/11/2017 18:58:25,0,-63,32.3230414,34.90435127,53.91600455,12,GSM
42502_33611_4062301,GOLAN T,HSDPA;il,03/11/2017 18:58:31,0,-57,32.3230414,34.90435127,53.88930859,6,GSM
08:97:58:32:d1:fa,NIPPON_3608,[WPA-PSK-CCMP][WPS][ESS],03/11/2017 18:58:34,3,-98,32.3230414,34.90435127,53.86386666,8,WIFI
08:97:58:32:d1:fa,NIPPON_3608,[WPA-PSK-CCMP][WPS][ESS],03/11/2017 18:58:37,3,-77,32.3230414,34.90435127,53.84197161,4,WIFI
88:83:22:6f:24:38,??????,[WPA2-PSK-CCMP][ESS][SEC80],03/11/2017 18:58:49,6,-91,32.32334629,34.90436791,53.81808157,16,WIFI
88:83:22:6f:24:38,??????,[WPA2-PSK-CCMP][ESS][SEC80],03/11/2017 18:58:51,6,-74,32.32358907,34.904408,54.25397585,16,WIFI
42502_33611_4062301,GOLAN T,HSDPA;il,03/11/2017 18:58:54,0,-57,32.32404647,34.90449065,54.72330702,16,GSM
42502_33611_4062301,GOLAN T,HSDPA;il,03/11/2017 18:59:00,0,-59,32.32517936,34.90466933,54.13578037,12,GSM
00:18:25:16:68:b0,GanotHadar,[WPA2-PSK-CCMP][ESS],03/11/2017 18:59:03,1,-91,32.3258379,34.90477071,53.59963131,16,WIFI
42502_33611_4062300,GOLAN T,UNKNOWN;il,03/11/2017 18:59:06,0,-63,32.32651761,34.90488516,53.17310098,12,GSM
42502_33611_4062300,GOLAN T,UNKNOWN;il,03/11/2017 18:59:12,0,-67,32.32795527,34.9051614,51.23022294,12,GSM
00:18:25:16:68:b0,GanotHadar,[WPA2-PSK-CCMP][ESS],03/11/2017 18:59:15,1,-91,32.32870602,34.90531411,51.73181373,12,WIFI
42502_33611_4062300,GOLAN T,UNKNOWN;il,03/11/2017 18:59:18,0,-69,32.32948247,34.90546132,51.88810919,16,GSM
42502_33611_4062300,GOLAN T,UNKNOWN;il,03/11/2017 18:59:24,0,-71,32.33109531,34.90577983,53.14361187,12,GSM
42502_33611_4042297,GOLAN T,HSDPA;il,03/11/2017 18:59:30,0,-77,32.33270042,34.90607768,54.54142912,8,GSM
00:18:25:17:21:10,kfar yedidia 2,[WPA2-PSK-CCMP][ESS],03/11/2017 18:59:33,1,-91,32.33351084,34.90622865,54.31527174,12,WIFI
42502_33611_4040068,GOLAN T,HSDPA;il,03/11/2017 18:59:36,0,-79,32.33434495,34.90639002,52.11551697,12,GSM
42502_33611_4040068,GOLAN T,HSDPA;il,03/11/2017 18:59:42,0,-83,32.3360513,34.90669811,45.73045983,16,GSM
42502_33611_4040068,GOLAN T,HSDPA;il,03/11/2017 18:59:48,0,-91,32.33771514,34.90703616,43.23774226,12,GSM
42502_33611_4041629,GOLAN T,HSDPA;il,03/11/2017 18:59:54,0,-95,32.33944964,34.9073524,42.53040481,12,GSM
42502_33611_4040068,GOLAN T,HSDPA;il,03/11/2017 18:59:57,0,-93,32.340294,34.90749724,39.79407582,16,GSM
42502_33611_4010074,GOLAN T,HSDPA;il,03/11/2017 19:00:03,0,-87,32.34185993,34.90772829,37.62007371,12,GSM
01:0c:cc:00:00:00,GSDEMO,[ESS],03/11/2017 19:00:06,1,-94,32.34256937,34.90779998,36.81146183,12,WIFI
42502_33611_4010074,GOLAN T,HSDPA;il,03/11/2017 19:00:09,0,-79,32.3432465,34.9078776,36.75531481,16,GSM
00:1d:aa:f2:9a:a0,test,[WPA-PSK-CCMP+TKIP][WPA2-PSK-CCMP+TKIP][WPS][ESS],03/11/2017 19:00:15,6,-94,32.34421489,34.90799443,36.5792226,24,WIFI
00:1d:aa:0e:e2:40,Rupin-H,[WPA2-PSK-CCMP][ESS],03/11/2017 19:00:15,8,-96,32.34421489,34.90799443,36.5792226,24,WIFI
74:3e:2b:1f:74:7c,inpact,[WPA2-PSK-CCMP][ESS],03/11/2017 19:00:18,36,-89,32.34434564,34.90801093,36.45694807,24,WIFI
42502_33611_4010074,GOLAN T,HSDPA;il,03/11/2017 19:00:18,0,-79,32.34434564,34.90801093,36.45694807,24,GSM
00:1d:aa:0e:e2:40,Rupin-H,[WPA2-PSK-CCMP][ESS],03/11/2017 19:00:22,8,-90,32.3443999,34.90801569,36.18089595,16,WIFI
08:97:58:32:d1:fa,NIPPON_3608,[WPA-PSK-CCMP][WPS][ESS],03/11/2017 19:00:22,3,-93,32.3443999,34.90801569,36.18089595,16,WIFI
74:3e:2b:1f:ac:58,inpact,[WPA2-PSK-CCMP][ESS],03/11/2017 19:00:22,6,-95,32.3443999,34.90801569,36.18089595,16,WIFI
f8:e9:03:0f:80:0b,012-YELLOW,[ESS],03/11/2017 19:00:24,1,-97,32.34440971,34.90801675,36.13400676,24,WIFI
00:1d:aa:da:5e:f8,Rupin-H,[WPA-PSK-CCMP+TKIP][WPA2-PSK-CCMP+TKIP][WPS][ESS],03/11/2017 19:00:33,1,-93,32.34463625,34.90804351,34.59449333,12,WIFI
42502_33611_4061631,GOLAN T,HSDPA;il,03/11/2017 19:00:33,0,-81,32.34463625,34.90804351,34.59449333,12,GSM
00:1d:aa:0e:e2:40,Rupin-H,[WPA2-PSK-CCMP][ESS],03/11/2017 19:00:36,8,-81,32.3449234,34.90807039,33.63903304,12,WIFI
00:1d:aa:f2:9a:a0,test,[WPA-PSK-CCMP+TKIP][WPA2-PSK-CCMP+TKIP][WPS][ESS],03/11/2017 19:00:36,6,-76,32.3449234,34.90807039,33.63903304,12,WIFI
00:1d:aa:da:5e:f8,Rupin-H,[WPA-PSK-CCMP+TKIP][WPA2-PSK-CCMP+TKIP][WPS][ESS],03/11/2017 19:00:36,1,-88,32.3449234,34.90807039,33.63903304,12,WIFI
74:3e:2b:1f:ac:5c,inpact,[WPA2-PSK-CCMP][ESS],03/11/2017 19:00:36,40,-80,32.3449234,34.90807039,33.63903304,12,WIFI
74:3e:2b:1f:74:78,inpact,[WPA2-PSK-CCMP][ESS],03/11/2017 19:00:36,1,-81,32.3449234,34.90807039,33.63903304,12,WIFI
d8:c7:c8:ce:28:30,Aroma B-Zone,[ESS],03/11/2017 19:00:36,11,-90,32.3449234,34.90807039,33.63903304,12,WIFI
74:3e:2b:1f:ac:58,inpact,[WPA2-PSK-CCMP][ESS],03/11/2017 19:00:39,6,-80,32.34530323,34.9081082,32.91431895,12,WIFI
f8:e9:03:0f:80:0b,012-YELLOW,[ESS],03/11/2017 19:00:39,1,-82,32.34530323,34.9081082,32.91431895,12,WIFI
00:1e:42:14:4f:69,Teltonika_Router,[WPA-PSK-CCMP][WPA2-PSK-CCMP][ESS],03/11/2017 19:00:39,8,-90,32.34530323,34.9081082,32.91431895,12,WIFI
74:3e:2b:1f:aa:e8,inpact,[WPA2-PSK-CCMP][ESS],03/11/2017 19:00:39,9,-95,32.34530323,34.9081082,32.91431895,12,WIFI
f8:e9:03:0f:80:0c,012_5.0,[ESS],03/11/2017 19:00:39,60,-85,32.34530323,34.9081082,32.91431895,12,WIFI
06:ae:db:58:66:e5,BezeqFree,[WPA2-PSK-CCMP][ESS],03/11/2017 19:00:42,11,-87,32.34574802,34.90815062,32.74460221,12,WIFI
48:ee:0c:3f:ab:1e,Rupin,[WPA2-PSK-CCMP][ESS],03/11/2017 19:00:42,4,-88,32.34574802,34.90815062,32.74460221,12,WIFI
42502_33611_4061631,GOLAN T,HSDPA;il,03/11/2017 19:00:42,0,-73,32.34574802,34.90815062,32.74460221,12,GSM
00:1d:aa:0e:e2:40,Rupin-H,[WPA2-PSK-CCMP][ESS],03/11/2017 19:00:46,8,-96,32.34645334,34.90823122,32.5200883,12,WIFI
00:18:25:17:1f:d0,kfar yedidia 3,[WPA2-PSK-CCMP][ESS],03/11/2017 19:00:46,1,-91,32.34645334,34.90823122,32.5200883,12,WIFI
42502_33611_4061631,GOLAN T,HSDPA;il,03/11/2017 19:00:49,0,-71,32.34704103,34.90827484,32.20085003,16,GSM
00:18:25:17:1f:d0,kfar yedidia 3,[WPA2-PSK-CCMP][ESS],03/11/2017 19:00:55,1,-87,32.34825355,34.90830791,31.60152084,16,WIFI
42502_33611_4061631,GOLAN T,HSDPA;il,03/11/2017 19:00:55,0,-69,32.34825355,34.90830791,31.60152084,16,GSM
00:18:25:17:1f:d0,kfar yedidia 3,[WPA2-PSK-CCMP][ESS],03/11/2017 19:00:58,1,-80,32.34890256,34.90829783,31.65758709,16,WIFI
42502_33611_4061631,GOLAN T,HSDPA;il,03/11/2017 19:01:01,0,-67,32.349564,34.90827799,31.67457,32,GSM
42502_33611_4061631,GOLAN T,HSDPA;il,03/11/2017 19:01:07,0,-67,32.35093741,34.90825299,31.30488498,24,GSM
00:18:25:17:3a:70,beit halevi 2,[WPA2-PSK-CCMP][ESS],03/11/2017 19:01:10,1,-92,32.35164261,34.90822543,30.621317,12,WIFI
42502_33611_4061631,GOLAN T,HSDPA;il,03/11/2017 19:01:13,0,-67,32.35239752,34.90822161,30.86859482,16,GSM
42502_33611_4040071,GOLAN T,UNKNOWN;il,03/11/2017 19:01:19,0,-69,32.3540231,34.90823351,32.0883351,16,GSM
ec:08:6b:4b:e7:86,mhs,[ESS],03/11/2017 19:01:25,5,-98,32.35548118,34.90834442,31.49649073,16,WIFI
42502_33611_4061630,GOLAN T,HSDPA;il,03/11/2017 19:01:25,0,-73,32.35548118,34.90834442,31.49649073,16,GSM
ec:08:6b:4b:e7:86,mhs,[ESS],03/11/2017 19:01:31,5,-79,32.35666383,34.90844769,29.33796725,16,WIFI
42502_33611_4061630,GOLAN T,HSDPA;il,03/11/2017 19:01:31,0,-69,32.35666383,34.90844769,29.33796725,16,GSM
42502_33611_4040071,GOLAN T,UNKNOWN;il,03/11/2017 19:01:37,0,-67,32.35730974,34.90851638,26.88547968,16,GSM
42502_33611_4040071,GOLAN T,UNKNOWN;il,03/11/2017 19:01:43,0,-59,32.35738125,34.90852696,26.84684028,12,GSM
62:04:15:4d:c2:37,Bezeq Free 200A1F,[ESS],03/11/2017 19:02:04,1,-96,32.35749171,34.90851834,27.21277342,12,WIFI
c8:d3:a3:8c:71:13,DIR-615,[ESS],03/11/2017 19:02:13,2,-96,32.35747566,34.90779086,23.87791167,16,WIFI
c4:04:15:4d:c2:36,Masada__G1-2.4,[WPS][ESS],03/11/2017 19:02:13,1,-97,32.35747566,34.90779086,23.87791167,16,WIFI
42502_33611_4040071,GOLAN T,UNKNOWN;il,03/11/2017 19:02:16,0,-53,32.35746701,34.90747039,20.62298366,12,GSM
ec:08:6b:4b:e7:86,mhs,[ESS],03/11/2017 19:02:19,5,-91,32.35746243,34.90723637,19.56483883,12,WIFI
42502_33611_4040068,GOLAN T,HSDPA;il,03/11/2017 19:02:25,0,-57,32.35726191,34.90704821,19.46206044,16,GSM
ec:08:6b:4b:e7:86,mhs,[ESS],03/11/2017 19:02:31,5,-82,32.356602,34.9070984,22.81036832,16,WIFI
4e:d9:e7:a5:e2:0d,luca,[WPA2-PSK-CCMP][ESS],03/11/2017 19:02:31,6,-94,32.356602,34.9070984,22.81036832,16,WIFI
3c:a8:2a:c5:4c:81,DIRECT-80-HP DeskJet 3830 series,[WPA2-PSK-CCMP][ESS],03/11/2017 19:02:31,6,-95,32.356602,34.9070984,22.81036832,16,WIFI
ec:08:6b:4b:e7:86,mhs,[ESS],03/11/2017 19:02:34,5,-61,32.35617189,34.90716555,24.4711315,16,WIFI
c4:12:f5:fa:1a:86,napmahsan,[WPA2-PSK-CCMP][ESS],03/11/2017 19:02:34,3,-83,32.35617189,34.90716555,24.4711315,16,WIFI
42502_33611_4040068,GOLAN T,HSDPA;il,03/11/2017 19:02:34,0,-65,32.35617189,34.90716555,24.4711315,16,GSM
b4:c7:99:d1:58:60,,[WPA-PSK-TKIP][WPA2-PSK-CCMP+TKIP][ESS],03/11/2017 19:02:37,6,-93,32.35570917,34.9072356,24.76512831,16,WIFI
84:24:8d:3d:e0:e0,,[WPA-PSK-TKIP][WPA2-PSK-CCMP+TKIP][ESS],03/11/2017 19:02:37,1,-94,32.35570917,34.9072356,24.76512831,16,WIFI
b4:c7:99:d1:58:60,,[WPA-PSK-TKIP][WPA2-PSK-CCMP+TKIP][ESS],03/11/2017 19:02:40,6,-79,32.35520917,34.90730962,23.4083569,16,WIFI
84:24:8d:3d:e0:e0,,[WPA-PSK-TKIP][WPA2-PSK-CCMP+TKIP][ESS],03/11/2017 19:02:40,1,-84,32.35520917,34.90730962,23.4083569,16,WIFI
88:28:b3:8a:2a:6f,Yamini,[WPA2-PSK-CCMP][ESS],03/11/2017 19:02:40,3,-94,32.35520917,34.90730962,23.4083569,16,WIFI
5c:0e:8b:7d:fd:50,,[WPA-PSK-TKIP][WPA2-PSK-TKIP][ESS],03/11/2017 19:02:40,11,-94,32.35520917,34.90730962,23.4083569,16,WIFI
84:24:8d:3d:e0:30,,[WPA-PSK-TKIP][WPA2-PSK-CCMP+TKIP][ESS],03/11/2017 19:02:43,36,-90,32.35468293,34.90740587,23.52492131,24,WIFI
42502_33611_4040068,GOLAN T,HSDPA;il,03/11/2017 19:02:43,0,-67,32.35468293,34.90740587,23.52492131,24,GSM
b4:c7:99:d1:58:60,,[WPA-PSK-TKIP][WPA2-PSK-CCMP+TKIP][ESS],03/11/2017 19:02:46,6,-95,32.3541454,34.90748483,22.32137248,24,WIFI
00:18:25:17:3a:70,beit halevi 2,[WPA2-PSK-CCMP][ESS],03/11/2017 19:02:46,1,-83,32.3541454,34.90748483,22.32137248,24,WIFI
84:24:8d:3d:e0:e0,,[WPA-PSK-TKIP][WPA2-PSK-CCMP+TKIP][ESS],03/11/2017 19:02:49,1,-92,32.35365172,34.90755161,19.1540404,24,WIFI
42502_33611_4040068,GOLAN T,HSDPA;il,03/11/2017 19:02:49,0,-71,32.35365172,34.90755161,19.1540404,24,GSM
42502_33611_4040068,GOLAN T,HSDPA;il,03/11/2017 19:02:55,0,-69,32.35259195,34.90770909,18.97697005,24,GSM
42502_33611_4040068,GOLAN T,HSDPA;il,03/11/2017 19:03:01,0,-71,32.35154402,34.90782705,21.46709884,16,GSM
42502_33611_4041627,GOLAN T,HSDPA;il,03/11/2017 19:03:04,0,-73,32.35115167,34.90787102,22.33902776,16,GSM
42502_33611_4041627,GOLAN T,HSDPA;il,03/11/2017 19:03:19,0,-77,32.35077817,34.90672602,22.31603449,16,GSM
42502_33611_4061631,GOLAN T,HSDPA;il,03/11/2017 19:03:25,0,-79,32.35040023,34.90655652,25.56733554,16,GSM
42502_33611_4061632,GOLAN T,HSDPA;il,03/11/2017 19:03:28,0,-77,32.35024128,34.90643135,27.20025916,16,GSM
42502_33611_4061632,GOLAN T,HSDPA;il,03/11/2017 19:03:31,0,-69,32.35016924,34.90616739,27.25959293,16,GSM
42502_33611_4061632,GOLAN T,HSDPA;il,03/11/2017 19:03:41,0,-63,32.35028125,34.90471829,22.37175988,16,GSM
00:18:25:17:1f:d0,kfar yedidia 3,[WPA2-PSK-CCMP][ESS],03/11/2017 19:03:44,1,-89,32.35033004,34.90424736,26.52304481,12,WIFI
42502_33611_4061632,GOLAN T,HSDPA;il,03/11/2017 19:03:50,0,-61,32.35061382,34.90342136,33.13624221,16,GSM
d4:6e:0e:59:a8:4a,Blackeye-Dv,[WPA2-PSK-CCMP][WPS][ESS],03/11/2017 19:03:53,3,-96,32.35077355,34.90305473,34.77573794,16,WIFI
fa:8f:ca:51:9d:7a,,[ESS],03/11/2017 19:03:56,11,-87,32.35089748,34.90272893,34.15912205,16,WIFI
c4:a8:1d:16:16:6d,irsys1948 2.4,[WPA2-PSK-CCMP][ESS],03/11/2017 19:03:59,1,-95,32.35095127,34.90257017,33.63022165,24,WIFI
fa:8f:ca:71:29:06,,[ESS],03/11/2017 19:03:59,11,-92,32.35095127,34.90257017,33.63022165,24,WIFI
b4:ee:b4:fe:3c:ba,HOTFiber-D313,[WPA-PSK-CCMP+TKIP][WPA2-PSK-CCMP+TKIP][ESS],03/11/2017 19:04:02,11,-91,32.35104163,34.90254133,34.85454206,24,WIFI
30:b5:c2:ea:00:2a,Rdevries,[WPA2-PSK-CCMP][WPS][ESS],03/11/2017 19:04:07,1,-91,32.351343,34.90270283,40.14045132,24,WIFI
c4:12:f5:f9:0c:5e,edna,[WPA2-PSK-CCMP][ESS],03/11/2017 19:04:07,1,-92,32.351343,34.90270283,40.14045132,24,WIFI
2c:59:e5:f2:e2:cd,HP-Print-CD-Officejet Pro 8600,[ESS],03/11/2017 19:04:07,6,-93,32.351343,34.90270283,40.14045132,24,WIFI
30:b5:c2:ea:00:2a,Rdevries,[WPA2-PSK-CCMP][WPS][ESS],03/11/2017 19:04:13,1,-86,32.35161144,34.9028415,39.36090753,16,WIFI
14:91:82:52:b5:6c,living room,[WPA2-PSK-CCMP][WPS][ESS],03/11/2017 19:04:13,8,-93,32.35161144,34.9028415,39.36090753,16,WIFI
f8:1a:67:c2:48:1e,Tayland,[WPS][ESS],03/11/2017 19:04:13,9,-93,32.35161144,34.9028415,39.36090753,16,WIFI
7c:b7:33:c0:01:ac,HOTBOX,[ESS],03/11/2017 19:04:13,6,-94,32.35161144,34.9028415,39.36090753,16,WIFI
c0:ac:54:f8:4c:b6,rafi,[WPA-PSK-CCMP+TKIP][WPA2-PSK-CCMP+TKIP][ESS],03/11/2017 19:04:16,1,-95,32.35179236,34.90294305,39.38303664,16,WIFI
42502_33611_4061632,GOLAN T,HSDPA;il,03/11/2017 19:04:16,0,-83,32.35179236,34.90294305,39.38303664,16,GSM
00:1d:0f:c4:df:8a,TP-LINK,[WPA-PSK-CCMP+TKIP][WPA2-PSK-CCMP+TKIP-preauth][ESS],03/11/2017 19:04:19,6,-96,32.35197732,34.9030338,39.38291433,12,WIFI
18:1e:78:fb:d3:7d,Isreali,[WPA-PSK-CCMP+TKIP][WPA2-PSK-CCMP+TKIP][ESS],03/11/2017 19:04:22,13,-93,32.35217754,34.90309636,41.28542156,32,WIFI
18:1e:78:fb:d3:eb,Isreali,[WPA-PSK-CCMP+TKIP][WPA2-PSK-CCMP+TKIP][ESS],03/11/2017 19:04:22,1,-96,32.35217754,34.90309636,41.28542156,32,WIFI
54:64:d9:5f:70:a3,Isreali,[WPA-PSK-CCMP+TKIP][WPA2-PSK-CCMP+TKIP][ESS],03/11/2017 19:04:22,1,-96,32.35217754,34.90309636,41.28542156,32,WIFI
14:ae:db:43:ef:cd,shelef,[WPA-PSK-CCMP+TKIP][WPA2-PSK-CCMP+TKIP][WPS][ESS],03/11/2017 19:04:25,6,-92,32.35228713,34.90312679,41.1463245,12,WIFI
c0:ac:54:f8:bc:0e,hotbox 1,[WPA-PSK-CCMP+TKIP][WPA2-PSK-CCMP+TKIP][ESS],03/11/2017 19:04:25,1,-94,32.35228713,34.90312679,41.1463245,12,WIFI
42502_33611_4061635,GOLAN T,HSDPA;il,03/11/2017 19:04:28,0,-85,32.35233534,34.90318071,41.07049764,12,GSM
c0:ac:54:f8:bc:0e,hotbox 1,[WPA-PSK-CCMP+TKIP][WPA2-PSK-CCMP+TKIP][ESS],03/11/2017 19:04:34,1,-85,32.3523596,34.90346826,44.34539763,16,WIFI
42502_33611_4041629,GOLAN T,HSDPA;il,03/11/2017 19:04:34,0,-89,32.3523596,34.90346826,44.34539763,16,GSM
c0:ac:54:f8:d8:a8,HOTBOX-0E86,[WPA-PSK-CCMP+TKIP][WPA2-PSK-CCMP+TKIP][ESS],03/11/2017 19:04:36,11,-87,32.35239628,34.9035502,44.24022957,16,WIFI
b4:ee:b4:8c:cc:67,TRAMP,[WPA-PSK-CCMP+TKIP][WPA2-PSK-CCMP+TKIP][ESS],03/11/2017 19:04:36,1,-95,32.35239628,34.9035502,44.24022957,16,WIFI
18:a6:f7:8a:a9:de,NETGEAR75,[WPS][ESS],03/11/2017 19:04:39,6,-95,32.3524922,34.90367524,43.44439606,12,WIFI
6c:2e:85:fe:ba:ad,HOTBOX-1A32,[WPA-PSK-CCMP+TKIP][WPA2-PSK-CCMP+TKIP][ESS],03/11/2017 19:04:40,1,-93,32.35251874,34.90370889,43.17483206,12,WIFI
7c:b7:33:2e:21:62,HOTBOX-215C,[WPA-PSK-CCMP+TKIP][WPA2-PSK-CCMP+TKIP][ESS],03/11/2017 19:04:40,6,-93,32.35251874,34.90370889,43.17483206,12,WIFI
06:d6:aa:05:82:21,BAP,[WPA2-PSK-CCMP][ESS][SEC80],03/11/2017 19:04:40,11,-94,32.35251874,34.90370889,43.17483206,12,WIFI
42502_33611_4040068,GOLAN T,HSDPA;il,03/11/2017 19:04:40,0,-93,32.35251874,34.90370889,43.17483206,12,GSM
18:a6:f7:8a:a9:de,NETGEAR75,[WPS][ESS],03/11/2017 19:04:48,6,-90,32.35263749,34.90382144,42.78715147,24,WIFI
2c:30:33:dc:68:bf,NETGEAR75,[WPS][ESS],03/11/2017 19:04:48,6,-92,32.35263749,34.90382144,42.78715147,24,WIFI
