WigleWifi-1.4,appRelease=2.25,model=GT-N7100,release=4.4.2,device=t03g,display=Android Revolution HD 31.0 by mike1986,board=smdk4x12,brand=samsung
MAC,SSID,AuthMode,FirstSeen,Channel,RSSI,CurrentLatitude,CurrentLongitude,AltitudeMeters,AccuracyMeters,Type
7c:b7:33:2e:21:62,HOTBOX-215C,[WPA-PSK-CCMP+TKIP][WPA2-PSK-CCMP+TKIP][ESS],2017-11-03 22:31:58,6,-94,32.3524747872174,34.9038235353248,25.9352596165059,16,WIFI
42502_33611_4041627,GOLAN T,HSDPA;il,2017-11-03 22:31:58,0,-87,32.3524747872174,34.9038235353248,25.9352596165059,16,GSM
7c:b7:33:2e:21:62,HOTBOX-215C,[WPA-PSK-CCMP+TKIP][WPA2-PSK-CCMP+TKIP][ESS],2017-11-03 22:32:02,6,-89,32.3524747872174,34.9038235353248,20.1034075308015,32,WIFI
c0:ac:54:f8:d8:a8,HOTBOX-0E86,[WPA-PSK-CCMP+TKIP][WPA2-PSK-CCMP+TKIP][ESS],2017-11-03 22:32:02,11,-94,32.3524747872174,34.9038235353248,20.1034075308015,32,WIFI
6c:2e:85:fe:ba:ad,HOTBOX-1A32,[WPA-PSK-CCMP+TKIP][WPA2-PSK-CCMP+TKIP][ESS],2017-11-03 22:32:02,1,-96,32.3524747872174,34.9038235353248,20.1034075308015,32,WIFI
2c:30:33:dc:68:bf,NETGEAR75,[WPS][ESS],2017-11-03 22:32:02,6,-91,32.3524747872174,34.9038235353248,20.1034075308015,32,WIFI
18:a6:f7:8a:a9:de,NETGEAR75,[WPS][ESS],2017-11-03 22:32:13,6,-93,32.352834594609,34.9039514416082,26.6697789648655,24,WIFI
2c:30:33:dc:68:bf,NETGEAR75,[WPS][ESS],2017-11-03 22:32:16,6,-83,32.352834594609,34.9039514416082,25.8417105296184,24,WIFI
94:57:a5:4d:20:10,DIRECT-CC-HP DeskJet 3830 series,[WPA2-PSK-CCMP][WPS][ESS],2017-11-03 22:32:19,6,-94,32.352834594609,34.9039514416082,25.4358568036955,12,WIFI
a4:2b:8c:9c:db:65,alperovich,[WPA2-PSK-CCMP][WPS][ESS],2017-11-03 22:32:31,1,-95,32.3527512455712,34.9038780246912,32.867348917376,12,WIFI
c0:ac:54:f8:d8:a8,HOTBOX-0E86,[WPA-PSK-CCMP+TKIP][WPA2-PSK-CCMP+TKIP][ESS],2017-11-03 22:32:44,11,-81,32.3526149275538,34.9038035262583,33.2021476639713,12,WIFI
b4:ee:b4:8c:cc:67,TRAMP,[WPA-PSK-CCMP+TKIP][WPA2-PSK-CCMP+TKIP][ESS],2017-11-03 22:32:51,1,-85,32.3525408387695,34.9037122418601,33.0260249525551,16,WIFI
c0:ac:54:f8:bc:0e,hotbox 1,[WPA-PSK-CCMP+TKIP][WPA2-PSK-CCMP+TKIP][ESS],2017-11-03 22:32:52,1,-94,32.3525306217817,34.9036902265312,33.0866312662889,16,WIFI
c0:ac:54:f8:bc:0e,hotbox 1,[WPA-PSK-CCMP+TKIP][WPA2-PSK-CCMP+TKIP][ESS],2017-11-03 22:32:54,1,-83,32.3525092583893,34.9036390950766,33.3176883231539,24,WIFI
1c:af:f7:77:64:75,asaf,[WPA2-PSK-CCMP][ESS],2017-11-03 22:32:54,6,-93,32.3525092583893,34.9036390950766,33.3176883231539,24,WIFI
14:ae:db:43:ef:cd,shelef,[WPA-PSK-CCMP+TKIP][WPA2-PSK-CCMP+TKIP][WPS][ESS],2017-11-03 22:32:57,6,-91,32.3524937815733,34.9035265898912,34.0008019984982,16,WIFI
42502_33611_4040068,GOLAN T,HSDPA;il,2017-11-03 22:32:57,0,-93,32.3524937815733,34.9035265898912,34.0008019984982,16,GSM
42502_33611_4041629,GOLAN T,HSDPA;il,2017-11-03 22:33:05,0,-97,32.3522337174546,34.9030999319122,38.1077915344457,12,GSM
00:18:25:17:1f:d0,kfar yedidia 3,[WPA2-PSK-CCMP][ESS],2017-11-03 22:33:08,1,-90,32.351979833278,34.9030207529088,41.7082858923362,24,WIFI
54:64:d9:5f:70:a3,Isreali,[WPA-PSK-CCMP+TKIP][WPA2-PSK-CCMP+TKIP][ESS],2017-11-03 22:33:08,1,-95,32.351979833278,34.9030207529088,41.7082858923362,24,WIFI
5c:d9:98:63:5a:d2,DLINK,[WPA2-PSK-CCMP+TKIP][ESS],2017-11-03 22:33:08,1,-97,32.351979833278,34.9030207529088,41.7082858923362,24,WIFI
c4:12:f5:f9:0c:5e,edna,[WPA2-PSK-CCMP][ESS],2017-11-03 22:33:14,1,-83,32.3514041110675,34.9027642244614,40.9913580216736,16,WIFI
30:b5:c2:ea:00:2a,Rdevries,[WPA2-PSK-CCMP][WPS][ESS],2017-11-03 22:33:14,1,-92,32.3514041110675,34.9027642244614,40.9913580216736,16,WIFI
b4:ee:b4:fe:3c:ba,HOTFiber-D313,[WPA-PSK-CCMP+TKIP][WPA2-PSK-CCMP+TKIP][ESS],2017-11-03 22:33:17,11,-87,32.3511711525027,34.902632378141,39.5080485816893,12,WIFI
42502_33611_4041629,GOLAN T,HSDPA;il,2017-11-03 22:33:17,0,-91,32.3511711525027,34.902632378141,39.5080485816893,12,GSM
42502_33611_4041629,GOLAN T,HSDPA;il,2017-11-03 22:33:36,0,-85,32.3509188399826,34.9025549882606,38.9013565747011,24,GSM
fa:8f:ca:51:9d:7a,,[ESS],2017-11-03 22:33:39,11,-93,32.3508149870719,34.902840479185,39.3623913317692,24,WIFI
42502_33611_4041629,GOLAN T,HSDPA;il,2017-11-03 22:33:45,0,-79,32.3505545333111,34.9036164754295,37.8216377657197,12,GSM
42502_33611_4041629,GOLAN T,HSDPA;il,2017-11-03 22:33:54,0,-71,32.3502762656377,34.9049342227838,27.066096438021,12,GSM
42502_33611_4061632,GOLAN T,HSDPA;il,2017-11-03 22:34:00,0,-69,32.3502835237173,34.9058505705526,23.9608944342398,12,GSM
42502_33611_4061635,GOLAN T,HSDPA;il,2017-11-03 22:34:12,0,-65,32.3506498195036,34.9067299926604,23.2474427503863,12,GSM
42502_33611_4041627,GOLAN T,HSDPA;il,2017-11-03 22:34:18,0,-69,32.3508593972619,34.9069747635346,24.318432693012,16,GSM
42502_33611_4040068,GOLAN T,HSDPA;il,2017-11-03 22:34:31,0,-77,32.3505243235919,34.9079575435081,24.8476215536479,24,GSM
42502_33611_4041627,GOLAN T,HSDPA;il,2017-11-03 22:34:34,0,-75,32.3502765057663,34.9080276483327,20.326498467575,24,GSM
42502_33611_4041628,GOLAN T,HSDPA;il,2017-11-03 22:34:40,0,-77,32.3495899481657,34.9081416127736,21.4866015716657,16,GSM
42502_33611_4040068,GOLAN T,HSDPA;il,2017-11-03 22:34:43,0,-79,32.3491672836422,34.9081378944384,23.6698256017509,12,GSM
42502_33611_4040068,GOLAN T,HSDPA;il,2017-11-03 22:34:52,0,-73,32.3477178045267,34.9081362125103,34.3906917704071,8,GSM
00:18:25:17:1f:d0,kfar yedidia 3,[WPA2-PSK-CCMP][ESS],2017-11-03 22:34:55,1,-92,32.3471789386754,34.9081128696909,35.7442485571579,16,WIFI
42502_33611_4061631,GOLAN T,HSDPA;il,2017-11-03 22:34:55,0,-73,32.3471789386754,34.9081128696909,35.7442485571579,16,GSM
00:18:25:17:1f:d0,kfar yedidia 3,[WPA2-PSK-CCMP][ESS],2017-11-03 22:34:58,1,-87,32.3466034178953,34.9080583885316,36.6067828597509,12,WIFI
78:8a:20:1a:07:fa,Blackeye-Rupair,[WPA2-PSK-CCMP][ESS],2017-11-03 22:35:01,11,-92,32.346059212412,34.9080041159185,36.5416697452033,16,WIFI
00:1e:42:14:4f:69,Teltonika_Router,[WPA-PSK-CCMP][WPA2-PSK-CCMP][ESS],2017-11-03 22:35:01,8,-95,32.346059212412,34.9080041159185,36.5416697452033,16,WIFI
42502_33611_4061631,GOLAN T,HSDPA;il,2017-11-03 22:35:01,0,-71,32.346059212412,34.9080041159185,36.5416697452033,16,GSM
00:18:25:17:1f:d0,kfar yedidia 3,[WPA2-PSK-CCMP][ESS],2017-11-03 22:35:04,1,-91,32.3455962781866,34.9079557679982,36.5412901787539,12,WIFI
00:1d:aa:da:5e:f8,Rupin-H,[WPA-PSK-CCMP+TKIP][WPA2-PSK-CCMP+TKIP][WPS][ESS],2017-11-03 22:35:04,1,-92,32.3455962781866,34.9079557679982,36.5412901787539,12,WIFI
32:07:4d:e1:da:2f,AndroidAP,[WPA2-PSK-CCMP][ESS][SEC80],2017-11-03 22:35:04,11,-92,32.3455962781866,34.9079557679982,36.5412901787539,12,WIFI
00:1d:aa:0e:e2:40,Rupin-H,[WPA2-PSK-CCMP][ESS],2017-11-03 22:35:04,8,-94,32.3455962781866,34.9079557679982,36.5412901787539,12,WIFI
48:ee:0c:3f:ab:1e,Rupin,[WPA2-PSK-CCMP][ESS],2017-11-03 22:35:04,4,-95,32.3455962781866,34.9079557679982,36.5412901787539,12,WIFI
f8:e9:03:0f:80:0c,012_5.0,[ESS],2017-11-03 22:35:04,60,-91,32.3455962781866,34.9079557679982,36.5412901787539,12,WIFI
f8:e9:03:0f:80:0b,012-YELLOW,[ESS],2017-11-03 22:35:04,1,-91,32.3455962781866,34.9079557679982,36.5412901787539,12,WIFI
32:07:4d:e1:da:2f,AndroidAP,[WPA2-PSK-CCMP][ESS][SEC80],2017-11-03 22:35:06,11,-87,32.3453252189185,34.9079243402095,36.3006942814453,16,WIFI
00:1d:aa:0e:e2:40,Rupin-H,[WPA2-PSK-CCMP][ESS],2017-11-03 22:35:06,8,-87,32.3453252189185,34.9079243402095,36.3006942814453,16,WIFI
00:1d:aa:0e:e2:40,Rupin-H,[WPA2-PSK-CCMP][ESS],2017-11-03 22:35:10,8,-79,32.3450005826436,34.9078896653206,36.2276113291073,16,WIFI
74:3e:2b:1f:ac:58,inpact,[WPA2-PSK-CCMP][ESS],2017-11-03 22:35:10,6,-88,32.3450005826436,34.9078896653206,36.2276113291073,16,WIFI
74:3e:2b:1f:74:78,inpact,[WPA2-PSK-CCMP][ESS],2017-11-03 22:35:10,1,-90,32.3450005826436,34.9078896653206,36.2276113291073,16,WIFI
00:1d:aa:f2:9a:a0,test,[WPA-PSK-CCMP+TKIP][WPA2-PSK-CCMP+TKIP][WPS][ESS],2017-11-03 22:35:10,6,-92,32.3450005826436,34.9078896653206,36.2276113291073,16,WIFI
42502_33611_4061631,GOLAN T,HSDPA;il,2017-11-03 22:35:10,0,-71,32.3450005826436,34.9078896653206,36.2276113291073,16,GSM
74:3e:2b:1f:74:7c,inpact,[WPA2-PSK-CCMP][ESS],2017-11-03 22:35:13,36,-88,32.3449004163704,34.9078774922426,36.2153924959342,16,WIFI
42502_33611_4061632,GOLAN T,HSDPA;il,2017-11-03 22:35:13,0,-71,32.3449004163704,34.9078774922426,36.2153924959342,16,GSM
74:3e:2b:1f:74:78,inpact,[WPA2-PSK-CCMP][ESS],2017-11-03 22:35:15,1,-81,32.3448804961241,34.9078763950203,36.1987984826758,24,WIFI
00:1e:42:14:4f:69,Teltonika_Router,[WPA-PSK-CCMP][WPA2-PSK-CCMP][ESS],2017-11-03 22:35:15,8,-94,32.3448804961241,34.9078763950203,36.1987984826758,24,WIFI
f8:e9:03:0f:80:0b,012-YELLOW,[ESS],2017-11-03 22:35:39,1,-84,32.3446137536346,34.9078170299793,35.7837121489404,12,WIFI
42502_33611_4061632,GOLAN T,HSDPA;il,2017-11-03 22:35:45,0,-75,32.3438874339822,34.907909585497,36.8294005420695,16,GSM
00:18:25:17:1f:d0,kfar yedidia 3,[WPA2-PSK-CCMP][ESS],2017-11-03 22:35:51,1,-90,32.3428599787798,34.907763981826,30.1281117119357,16,WIFI
42502_33611_4061632,GOLAN T,HSDPA;il,2017-11-03 22:35:51,0,-79,32.3428599787798,34.907763981826,30.1281117119357,16,GSM
42502_33611_4061632,GOLAN T,HSDPA;il,2017-11-03 22:35:57,0,-81,32.3418072278613,34.9075907613498,22.3781767068864,16,GSM
42502_33611_4058390,GOLAN T,UNKNOWN;il,2017-11-03 22:36:03,0,-85,32.3406375705194,34.9074252527723,25.4715821202373,16,GSM
42502_33611_4058390,GOLAN T,UNKNOWN;il,2017-11-03 22:36:08,0,-81,32.3396075494552,34.9072514742862,25.2113132793098,16,GSM
42502_33611_4058390,GOLAN T,UNKNOWN;il,2017-11-03 22:36:14,0,-81,32.3382970139455,34.906995919625,21.7397221475091,16,GSM
42502_33611_4058390,GOLAN T,UNKNOWN;il,2017-11-03 22:36:20,0,-81,32.3369741963425,34.9067361086075,23.1836619561154,16,GSM
42502_33611_4058390,GOLAN T,UNKNOWN;il,2017-11-03 22:36:26,0,-89,32.3356039319091,34.9064685480218,28.6952710576639,16,GSM
00:18:25:17:21:10,kfar yedidia 2,[WPA2-PSK-CCMP][ESS],2017-11-03 22:36:32,1,-90,32.3342568056765,34.9062197920788,37.8337096460188,12,WIFI
42502_33611_4040071,GOLAN T,UNKNOWN;il,2017-11-03 22:36:32,0,-89,32.3342568056765,34.9062197920788,37.8337096460188,12,GSM
42502_33611_4040071,GOLAN T,UNKNOWN;il,2017-11-03 22:36:37,0,-83,32.333160303563,34.9059889642446,42.5972776329137,16,GSM
42502_33611_4040071,GOLAN T,UNKNOWN;il,2017-11-03 22:36:43,0,-79,32.3318616065042,34.9057336162212,48.0428406176996,12,GSM
42502_33611_4062300,GOLAN T,UNKNOWN;il,2017-11-03 22:36:46,0,-79,32.3312032048586,34.905624188946,51.7808128600147,16,GSM
00:18:25:16:68:b0,GanotHadar,[WPA2-PSK-CCMP][ESS],2017-11-03 22:36:52,1,-88,32.3298539483715,34.9053766165463,54.9469039519614,12,WIFI
42502_33611_4062300,GOLAN T,UNKNOWN;il,2017-11-03 22:36:52,0,-73,32.3298539483715,34.9053766165463,54.9469039519614,12,GSM
5c:f3:70:33:6f:61,DrivePro520,[WPA2-PSK-CCMP][WPS][ESS],2017-11-03 22:36:58,4,-100,32.3284922361844,34.9051329801387,54.9918583826618,16,WIFI
42502_33611_4062300,GOLAN T,UNKNOWN;il,2017-11-03 22:36:58,0,-69,32.3284922361844,34.9051329801387,54.9918583826618,16,GSM
42502_33611_4062300,GOLAN T,UNKNOWN;il,2017-11-03 22:37:04,0,-71,32.3271482221248,34.9048719173071,54.8603198330598,12,GSM
42502_33611_4062300,GOLAN T,UNKNOWN;il,2017-11-03 22:37:10,0,-67,32.3259774270664,34.9046058941785,55.1835585247191,16,GSM
42502_33611_4062300,GOLAN T,UNKNOWN;il,2017-11-03 22:37:13,0,-59,32.3254430078248,34.9045169650377,56.3364650254304,12,GSM
42502_33611_4062300,GOLAN T,UNKNOWN;il,2017-11-03 22:37:19,0,-53,32.3242199739492,34.9043387680172,59.2902157096632,12,GSM
5c:f3:70:33:6f:61,DrivePro520,[WPA2-PSK-CCMP][WPS][ESS],2017-11-03 22:37:22,4,-84,32.323652305157,34.9042415367084,60.487655841715,16,WIFI
42502_33611_4062300,GOLAN T,UNKNOWN;il,2017-11-03 22:37:27,0,-57,32.3227473438567,34.9040842507201,63.9603104991446,16,GSM
68:72:51:1a:4e:cf,4to25,[WPA2-PSK-CCMP][ESS],2017-11-03 22:37:29,11,-92,32.3223695132353,34.9040224184367,64.4549648807971,24,WIFI
68:72:51:1a:4e:cf,4to25,[WPA2-PSK-CCMP][ESS],2017-11-03 22:37:32,11,-87,32.3217878626737,34.9039043007443,59.6043929225078,24,WIFI
00:18:25:16:68:b0,GanotHadar,[WPA2-PSK-CCMP][ESS],2017-11-03 22:37:32,1,-74,32.3217878626737,34.9039043007443,59.6043929225078,24,WIFI
00:18:25:16:64:00,Nordia4,[WPA2-PSK-CCMP][ESS],2017-11-03 22:37:32,1,-92,32.3217878626737,34.9039043007443,59.6043929225078,24,WIFI
42502_33611_4062300,GOLAN T,UNKNOWN;il,2017-11-03 22:37:35,0,-67,32.3212537241797,34.9037955309386,56.8901276248166,16,GSM
68:72:51:1a:4e:cf,4to25,[WPA2-PSK-CCMP][ESS],2017-11-03 22:37:38,11,-80,32.3206693920029,34.9036681611607,56.8051873712798,16,WIFI
00:18:25:16:68:b0,GanotHadar,[WPA2-PSK-CCMP][ESS],2017-11-03 22:37:38,1,-80,32.3206693920029,34.9036681611607,56.8051873712798,16,WIFI
42502_33611_4062301,GOLAN T,HSDPA;il,2017-11-03 22:37:38,0,-73,32.3206693920029,34.9036681611607,56.8051873712798,16,GSM
00:18:25:16:68:b0,GanotHadar,[WPA2-PSK-CCMP][ESS],2017-11-03 22:37:41,1,-74,32.3201104331631,34.9035440129419,57.7125892161842,16,WIFI
68:72:51:1a:4e:cf,4to25,[WPA2-PSK-CCMP][ESS],2017-11-03 22:37:44,11,-81,32.3195754503482,34.9034342789765,57.8206418340348,12,WIFI
42502_33611_4062301,GOLAN T,HSDPA;il,2017-11-03 22:37:44,0,-75,32.3195754503482,34.9034342789765,57.8206418340348,12,GSM
00:18:25:16:68:b0,GanotHadar,[WPA2-PSK-CCMP][ESS],2017-11-03 22:37:47,1,-84,32.3189781778096,34.9033102002667,57.7838309583214,16,WIFI
42502_33611_4042300,GOLAN T,UNKNOWN;il,2017-11-03 22:37:47,0,-75,32.3189781778096,34.9033102002667,57.7838309583214,16,GSM
68:72:51:1a:4e:cf,4to25,[WPA2-PSK-CCMP][ESS],2017-11-03 22:37:50,11,-79,32.3183849242581,34.9032593356531,59.0279274972898,24,WIFI
00:18:25:16:68:b0,GanotHadar,[WPA2-PSK-CCMP][ESS],2017-11-03 22:37:53,1,-91,32.3177565015015,34.9031641866027,56.1720375564389,16,WIFI
42502_33611_4062301,GOLAN T,HSDPA;il,2017-11-03 22:37:53,0,-73,32.3177565015015,34.9031641866027,56.1720375564389,16,GSM
42502_33611_4062301,GOLAN T,HSDPA;il,2017-11-03 22:37:59,0,-73,32.3165149401851,34.902903035117,59.1207873711565,12,GSM
42502_33611_4058392,GOLAN T,HSDPA;il,2017-11-03 22:38:02,0,-73,32.3158647639862,34.9027669408786,57.4966685711557,16,GSM
42502_33611_4058392,GOLAN T,HSDPA;il,2017-11-03 22:38:07,0,-77,32.3147425917739,34.9025562370593,63.182115933409,16,GSM
78:d3:8d:f7:d6:26,VAmezuka2.4TEST,[WPA-PSK-CCMP+TKIP][WPA2-PSK-CCMP+TKIP][ESS],2017-11-03 22:38:13,7,-94,32.3133853010621,34.9022838103094,68.1104945000105,16,WIFI
42502_33611_4062560,GOLAN T,HSDPA;il,2017-11-03 22:38:13,0,-75,32.3133853010621,34.9022838103094,68.1104945000105,16,GSM
78:d3:8d:f7:d6:26,VAmezuka2.4TEST,[WPA-PSK-CCMP+TKIP][WPA2-PSK-CCMP+TKIP][ESS],2017-11-03 22:38:16,7,-82,32.3127083932056,34.9021361443493,67.1976118882926,24,WIFI
78:d3:8d:f7:d6:26,VAmezuka2.4TEST,[WPA-PSK-CCMP+TKIP][WPA2-PSK-CCMP+TKIP][ESS],2017-11-03 22:38:19,7,-76,32.3120501451378,34.9020066267952,66.091042565844,32,WIFI
42502_33611_4062560,GOLAN T,HSDPA;il,2017-11-03 22:38:19,0,-75,32.3120501451378,34.9020066267952,66.091042565844,32,GSM
00:18:25:16:6d:10,Nordia1,[WPA2-PSK-CCMP][ESS],2017-11-03 22:38:22,1,-90,32.3113348479031,34.9018738858463,64.84478693485,12,WIFI
6a:ee:0c:3e:03:4c,BezeqFree,[WPA2-PSK-CCMP][ESS],2017-11-03 22:38:22,2,-97,32.3113348479031,34.9018738858463,64.84478693485,12,WIFI
78:d3:8d:f7:d6:26,VAmezuka2.4TEST,[WPA-PSK-CCMP+TKIP][WPA2-PSK-CCMP+TKIP][ESS],2017-11-03 22:38:25,7,-86,32.3106567133733,34.9017565701636,63.4869028169147,24,WIFI
06:ae:db:b0:96:65,BezeqFree,[WPA2-PSK-CCMP][ESS],2017-11-03 22:38:25,11,-90,32.3106567133733,34.9017565701636,63.4869028169147,24,WIFI
42502_33611_4058392,GOLAN T,HSDPA;il,2017-11-03 22:38:25,0,-77,32.3106567133733,34.9017565701636,63.4869028169147,24,GSM
00:18:25:16:6d:10,Nordia1,[WPA2-PSK-CCMP][ESS],2017-11-03 22:38:28,1,-87,32.3100266956944,34.9016409000712,60.7912422140578,12,WIFI
dc:9f:db:32:38:94,,[WPA2-PSK-TKIP][ESS],2017-11-03 22:38:31,1,-91,32.3094119748519,34.9015272465676,61.0925597305589,12,WIFI
42502_33611_4058392,GOLAN T,HSDPA;il,2017-11-03 22:38:31,0,-73,32.3094119748519,34.9015272465676,61.0925597305589,12,GSM
78:d3:8d:f7:d6:26,VAmezuka2.4TEST,[WPA-PSK-CCMP+TKIP][WPA2-PSK-CCMP+TKIP][ESS],2017-11-03 22:38:37,7,-94,32.3083713670721,34.9013596441625,61.0577266194871,16,WIFI
42502_33611_4058392,GOLAN T,HSDPA;il,2017-11-03 22:38:37,0,-71,32.3083713670721,34.9013596441625,61.0577266194871,16,GSM
78:d3:8d:f7:d6:26,VAmezuka2.4TEST,[WPA-PSK-CCMP+TKIP][WPA2-PSK-CCMP+TKIP][ESS],2017-11-03 22:38:43,7,-85,32.3072971173145,34.9011763431522,57.3795077430964,24,WIFI
42502_33611_4062560,GOLAN T,HSDPA;il,2017-11-03 22:38:43,0,-71,32.3072971173145,34.9011763431522,57.3795077430964,24,GSM
42502_33611_4062560,GOLAN T,HSDPA;il,2017-11-03 22:38:48,0,-63,32.3064485902607,34.9009929355674,58.9263811049049,12,GSM
78:d3:8d:f7:d6:26,VAmezuka2.4TEST,[WPA-PSK-CCMP+TKIP][WPA2-PSK-CCMP+TKIP][ESS],2017-11-03 22:38:51,7,-81,32.3059207849187,34.9008906942906,59.7455768764677,24,WIFI
42502_33611_4062560,GOLAN T,HSDPA;il,2017-11-03 22:38:57,0,-61,32.305099784251,34.9007472833391,59.5753304287101,16,GSM
ce:79:4a:4e:f1:e9,???? ?? ???,[WPA2-PSK-CCMP][WPS][ESS],2017-11-03 22:39:09,6,-96,32.304568841159,34.9006391873205,63.1216769982704,16,WIFI
42502_33611_4042557,GOLAN T,HSDPA;il,2017-11-03 22:39:09,0,-59,32.304568841159,34.9006391873205,63.1216769982704,16,GSM
78:d3:8d:f7:d6:26,VAmezuka2.4TEST,[WPA-PSK-CCMP+TKIP][WPA2-PSK-CCMP+TKIP][ESS],2017-11-03 22:39:17,7,-89,32.3036524496517,34.9004866186708,59.3641368787492,16,WIFI
42502_33611_4062560,GOLAN T,HSDPA;il,2017-11-03 22:39:17,0,-63,32.3036524496517,34.9004866186708,59.3641368787492,16,GSM
78:d3:8d:f7:d6:26,VAmezuka2.4TEST,[WPA-PSK-CCMP+TKIP][WPA2-PSK-CCMP+TKIP][ESS],2017-11-03 22:39:20,7,-84,32.3032108919677,34.9003766360265,57.9274889915837,12,WIFI
78:d3:8d:f7:d6:26,VAmezuka2.4TEST,[WPA-PSK-CCMP+TKIP][WPA2-PSK-CCMP+TKIP][ESS],2017-11-03 22:39:26,7,-93,32.302093378465,34.9001577139027,57.8124282590762,24,WIFI
42502_33611_4062560,GOLAN T,HSDPA;il,2017-11-03 22:39:26,0,-63,32.302093378465,34.9001577139027,57.8124282590762,24,GSM
78:d3:8d:f7:d6:26,VAmezuka2.4TEST,[WPA-PSK-CCMP+TKIP][WPA2-PSK-CCMP+TKIP][ESS],2017-11-03 22:39:29,7,-87,32.3014432298023,34.900020329927,59.925771917555,16,WIFI
42502_33611_4062562,GOLAN T,HSDPA;il,2017-11-03 22:39:29,0,-63,32.3014432298023,34.900020329927,59.925771917555,16,GSM
42502_33611_4062562,GOLAN T,HSDPA;il,2017-11-03 22:39:34,0,-59,32.3003207448802,34.899794898384,63.0085405532208,16,GSM
42502_33611_4062562,GOLAN T,HSDPA;il,2017-11-03 22:39:39,0,-59,32.2991348672363,34.899567334158,64.2652070083262,16,GSM
42502_33611_4062562,GOLAN T,HSDPA;il,2017-11-03 22:39:45,0,-67,32.2977581050686,34.8993469292299,63.7254563349219,32,GSM
42502_33611_4062562,GOLAN T,HSDPA;il,2017-11-03 22:39:51,0,-73,32.2962991508922,34.8990780431824,61.1051304886649,16,GSM
42502_33611_4062562,GOLAN T,HSDPA;il,2017-11-03 22:39:57,0,-77,32.2948824285391,34.8987973155905,56.0855554623094,16,GSM
42502_33611_4062562,GOLAN T,HSDPA;il,2017-11-03 22:40:03,0,-83,32.2933870857636,34.8984797724966,58.7727593701307,16,GSM
42502_33611_4062562,GOLAN T,HSDPA;il,2017-11-03 22:40:09,0,-89,32.2919298958274,34.8982030383627,54.2855999073444,16,GSM
42502_33611_4062562,GOLAN T,HSDPA;il,2017-11-03 22:40:15,0,-91,32.2905503189562,34.8979517051164,49.8953594131453,16,GSM
42502_33611_4062562,GOLAN T,HSDPA;il,2017-11-03 22:40:21,0,-105,32.289189918682,34.8976926544195,48.0883056231912,12,GSM
42502_33611_5610715,GOLAN T,HSDPA;il,2017-11-03 22:40:26,0,-89,32.2880288722909,34.8974506582654,53.8213702463854,12,GSM
98:e7:f4:b8:d7:a2,DIRECT-A1-HP OfficeJet 6950,[WPA2-PSK-CCMP][WPS][ESS],2017-11-03 22:40:28,6,-95,32.287538634169,34.8973662261286,54.9202244632624,12,WIFI
42502_22851_5610715,GOLAN T,HSDPA;il,2017-11-03 22:40:28,0,-87,32.287538634169,34.8973662261286,54.9202244632624,12,GSM
14:ae:db:48:bc:ed,tamara,[WPA2-PSK-CCMP][ESS],2017-11-03 22:40:31,9,-98,32.286803957487,34.8972310117294,56.2864170833367,16,WIFI
fa:8f:ca:39:ff:90,,[ESS],2017-11-03 22:40:31,6,-95,32.286803957487,34.8972310117294,56.2864170833367,16,WIFI
14:ae:db:48:bc:ed,tamara,[WPA2-PSK-CCMP][ESS],2017-11-03 22:40:34,9,-93,32.2860834596547,34.897110754415,56.520135563604,8,WIFI
58:70:c6:f2:e2:da,YICarCam_f2e2da,[WPA2-PSK-CCMP][WPS][ESS],2017-11-03 22:40:34,7,-90,32.2860834596547,34.897110754415,56.520135563604,8,WIFI
06:ae:db:48:bc:ed,BezeqFree,[WPA2-PSK-CCMP][ESS],2017-11-03 22:40:34,9,-99,32.2860834596547,34.897110754415,56.520135563604,8,WIFI
42502_22851_5610715,GOLAN T,HSDPA;il,2017-11-03 22:40:34,0,-85,32.2860834596547,34.897110754415,56.520135563604,8,GSM
42502_22851_5610715,GOLAN T,HSDPA;il,2017-11-03 22:40:41,0,-85,32.2846997552211,34.8968823436598,56.937781596709,24,GSM
dc:9f:db:50:ff:da,PELEDNOGA,[WPA-PSK-CCMP+TKIP][ESS],2017-11-03 22:40:44,13,-95,32.2842701200449,34.8967875438644,57.3589644219409,16,WIFI
58:70:c6:fb:ed:b2,YICarCam_fbedb2,[WPA2-PSK-CCMP][WPS][ESS],2017-11-03 22:40:47,7,-91,32.2839650514425,34.8967234616859,58.9052780316688,24,WIFI
dc:9f:db:68:be:25,raanan ap,[ESS],2017-11-03 22:40:47,13,-89,32.2839650514425,34.8967234616859,58.9052780316688,24,WIFI
42502_22851_5612875,GOLAN T,HSDPA;il,2017-11-03 22:40:47,0,-97,32.2839650514425,34.8967234616859,58.9052780316688,24,GSM
42502_22851_5612875,GOLAN T,HSDPA;il,2017-11-03 22:40:50,0,-75,32.2838438053842,34.8966908805915,60.1406346772731,24,GSM
58:70:c6:fb:ed:b2,YICarCam_fbedb2,[WPA2-PSK-CCMP][WPS][ESS],2017-11-03 22:40:53,7,-85,32.2836614902385,34.8966335496239,58.7273427709277,16,WIFI
58:70:c6:fb:ed:b2,YICarCam_fbedb2,[WPA2-PSK-CCMP][WPS][ESS],2017-11-03 22:40:55,7,-77,32.2835049163606,34.8966033518826,58.2827527700605,12,WIFI
dc:9f:db:50:ff:da,PELEDNOGA,[WPA-PSK-CCMP+TKIP][ESS],2017-11-03 22:41:01,13,-94,32.2827460118918,34.8964687525735,52.9007232536492,24,WIFI
00:02:6f:bc:e0:d3,,[ESS],2017-11-03 22:41:01,1,-96,32.2827460118918,34.8964687525735,52.9007232536492,24,WIFI
42502_22851_5612875,GOLAN T,HSDPA;il,2017-11-03 22:41:01,0,-69,32.2827460118918,34.8964687525735,52.9007232536492,24,GSM
48:ee:0c:3a:09:02,naomi,[WPA2-PSK-CCMP][ESS],2017-11-03 22:41:07,4,-92,32.2816771634204,34.8962615410137,48.9236348602318,16,WIFI
42502_22851_5612875,GOLAN T,HSDPA;il,2017-11-03 22:41:07,0,-67,32.2816771634204,34.8962615410137,48.9236348602318,16,GSM
44:d1:fa:07:6d:5d,Arda_Factory_WIFI,[WPA-PSK-CCMP+TKIP][WPA2-PSK-CCMP+TKIP][ESS],2017-11-03 22:41:13,7,-92,32.2805370407929,34.896074641682,47.0634257212392,24,WIFI
42502_22851_5612875,GOLAN T,HSDPA;il,2017-11-03 22:41:13,0,-65,32.2805370407929,34.896074641682,47.0634257212392,24,GSM
44:d1:fa:07:6d:5d,Arda_Factory_WIFI,[WPA-PSK-CCMP+TKIP][WPA2-PSK-CCMP+TKIP][ESS],2017-11-03 22:41:19,7,-94,32.2792097347205,34.895836176855,48.6788679894591,16,WIFI
00:12:2a:e2:15:58,Cyber-School,[WPA-PSK-CCMP][WPA2-PSK-CCMP][WPS][ESS],2017-11-03 22:41:19,2,-89,32.2792097347205,34.895836176855,48.6788679894591,16,WIFI
08:97:58:31:e0:88,SEW132_23574021,[WPA-PSK-CCMP][WPS][ESS],2017-11-03 22:41:19,2,-95,32.2792097347205,34.895836176855,48.6788679894591,16,WIFI
42502_22851_5612875,GOLAN T,HSDPA;il,2017-11-03 22:41:19,0,-65,32.2792097347205,34.895836176855,48.6788679894591,16,GSM
84:b5:9c:ea:2a:80,Rishonim,[WPA2-PSK-CCMP+TKIP][ESS],2017-11-03 22:41:22,1,-95,32.2785322543908,34.8957166617071,50.5308016512355,16,WIFI
42502_22851_5612875,GOLAN T,HSDPA;il,2017-11-03 22:41:25,0,-65,32.2778787541657,34.8955736526703,55.4306285325355,16,GSM
42502_22851_5612875,GOLAN T,HSDPA;il,2017-11-03 22:41:31,0,-73,32.2765896091894,34.8953856339609,52.959165391352,16,GSM
dc:9f:db:68:be:25,raanan ap,[ESS],2017-11-03 22:41:34,13,-95,32.2759288443306,34.8952441524893,51.8094757027243,16,WIFI
42502_22851_5632906,GOLAN T,HSDPA;il,2017-11-03 22:41:37,0,-77,32.275262961325,34.8950720130354,52.5132809816866,16,GSM
dc:9f:db:68:be:25,raanan ap,[ESS],2017-11-03 22:41:43,13,-91,32.2739530817344,34.8947983492768,51.0148713292928,24,WIFI
42502_22851_5632906,GOLAN T,HSDPA;il,2017-11-03 22:41:43,0,-79,32.2739530817344,34.8947983492768,51.0148713292928,24,GSM
ec:08:6b:67:f6:6e,Yaish,[WPA-PSK-CCMP+TKIP][WPA2-PSK-CCMP+TKIP][WPS][ESS],2017-11-03 22:41:49,1,-90,32.2726419513434,34.8945676697022,53.9153984608082,24,WIFI
14:ae:db:51:94:b5,yaish2,[WPA2-PSK-CCMP][ESS],2017-11-03 22:41:49,11,-94,32.2726419513434,34.8945676697022,53.9153984608082,24,WIFI
42502_22851_5632906,GOLAN T,HSDPA;il,2017-11-03 22:41:49,0,-81,32.2726419513434,34.8945676697022,53.9153984608082,24,GSM
00:21:04:e8:07:f2,100100,[WPA-PSK-CCMP+TKIP][WPA2-PSK-CCMP+TKIP][WPS][ESS],2017-11-03 22:41:52,6,-95,32.2720014404901,34.8944476764674,54.1098928979405,16,WIFI
42502_22851_5615154,GOLAN T,UNKNOWN;il,2017-11-03 22:41:55,0,-79,32.2713687206194,34.8943301132682,53.5821397219442,16,GSM
42502_22851_5615154,GOLAN T,UNKNOWN;il,2017-11-03 22:42:01,0,-79,32.2701751885318,34.8941008119681,51.6328363260584,24,GSM
80:1f:02:19:97:40,Zon-Net,[WPA2-PSK-CCMP-preauth][ESS],2017-11-03 22:42:04,13,-94,32.2695618291805,34.8939921508557,52.2379241656496,16,WIFI
d8:fe:e3:b6:dd:a9,eliasary1_EXT_EXT,[WPA2-PSK-CCMP][ESS],2017-11-03 22:42:04,1,-96,32.2695618291805,34.8939921508557,52.2379241656496,16,WIFI
42502_22851_5615154,GOLAN T,UNKNOWN;il,2017-11-03 22:42:07,0,-77,32.2689088678816,34.893879832876,51.5119059092312,16,GSM
30:b5:c2:44:a4:47,TP-LINK-2.4GHZ,[WPA2-PSK-CCMP+TKIP][WPS][ESS],2017-11-03 22:42:13,1,-94,32.2675723939107,34.8936267878553,49.1520042779806,16,WIFI
42502_22851_5615154,GOLAN T,UNKNOWN;il,2017-11-03 22:42:13,0,-73,32.2675723939107,34.8936267878553,49.1520042779806,16,GSM
74:da:38:53:4a:30,edimax_2.4G_534A30,[WPA2-PSK-CCMP][WPS][ESS],2017-11-03 22:42:19,2,-91,32.2661421033934,34.8933248189699,47.0637785789556,16,WIFI
88:1f:a1:36:66:84,SHERF family,[WPA2-PSK-CCMP][ESS],2017-11-03 22:42:19,6,-92,32.2661421033934,34.8933248189699,47.0637785789556,16,WIFI
00:1e:42:14:28:9d,TAMAR WIFI,[WPA2-PSK-CCMP][ESS],2017-11-03 22:42:19,9,-98,32.2661421033934,34.8933248189699,47.0637785789556,16,WIFI
42502_22851_5615152,GOLAN T,HSDPA;il,2017-11-03 22:42:19,0,-69,32.2661421033934,34.8933248189699,47.0637785789556,16,GSM
42502_22851_5617101,GOLAN T,HSDPA;il,2017-11-03 22:42:25,0,-71,32.264749835677,34.8930595191304,44.1282117404235,8,GSM
00:1e:42:14:29:c9,TAMAR WIFI,[WPA2-PSK-CCMP][ESS],2017-11-03 22:42:28,11,-93,32.2640623409316,34.8929288298388,42.1804149226771,16,WIFI
00:1e:42:14:28:9d,TAMAR WIFI,[WPA2-PSK-CCMP][ESS],2017-11-03 22:42:28,9,-94,32.2640623409316,34.8929288298388,42.1804149226771,16,WIFI
48:ee:0c:99:3a:7c,DIR-825-3a7b,[WPA2-PSK-CCMP][ESS],2017-11-03 22:42:28,1,-96,32.2640623409316,34.8929288298388,42.1804149226771,16,WIFI
00:1e:42:14:29:c9,TAMAR WIFI,[WPA2-PSK-CCMP][ESS],2017-11-03 22:42:31,11,-79,32.2633823672204,34.892809249097,41.0783999758082,12,WIFI
00:1e:42:14:28:9d,TAMAR WIFI,[WPA2-PSK-CCMP][ESS],2017-11-03 22:42:31,9,-83,32.2633823672204,34.892809249097,41.0783999758082,12,WIFI
00:1e:42:14:8b:be,TAMAR WIFI,[WPA2-PSK-CCMP][ESS],2017-11-03 22:42:31,4,-88,32.2633823672204,34.892809249097,41.0783999758082,12,WIFI
42502_22851_5617101,GOLAN T,HSDPA;il,2017-11-03 22:42:31,0,-81,32.2633823672204,34.892809249097,41.0783999758082,12,GSM
42502_22851_5617102,GOLAN T,HSDPA;il,2017-11-03 22:42:34,0,-81,32.2626975647436,34.8926962170902,42.1196470991968,8,GSM
00:1e:42:14:8b:be,TAMAR WIFI,[WPA2-PSK-CCMP][ESS],2017-11-03 22:42:37,4,-93,32.2619939861029,34.8925679207552,40.8004874601359,12,WIFI
42502_22851_5617102,GOLAN T,HSDPA;il,2017-11-03 22:42:40,0,-81,32.261284462004,34.8924168152969,36.7382400125028,12,GSM
00:12:2a:37:30:ac,neta1013,[WEP][ESS],2017-11-03 22:42:46,1,-90,32.2597987142049,34.8921122661309,34.6205927586655,16,WIFI
42502_22851_5617102,GOLAN T,HSDPA;il,2017-11-03 22:42:46,0,-73,32.2597987142049,34.8921122661309,34.6205927586655,16,GSM
42502_22851_5617102,GOLAN T,HSDPA;il,2017-11-03 22:42:52,0,-75,32.2583348575953,34.8917111297675,33.5350877407928,16,GSM
42502_22851_5617102,GOLAN T,HSDPA;il,2017-11-03 22:42:58,0,-73,32.2569087494925,34.8913200376007,36.4334617564981,16,GSM
42502_22851_5617102,GOLAN T,HSDPA;il,2017-11-03 22:43:04,0,-75,32.2555108985088,34.8908721002826,40.4279742099212,12,GSM
42502_22851_5617102,GOLAN T,HSDPA;il,2017-11-03 22:43:10,0,-79,32.254302802758,34.8904594292334,41.9034816746268,24,GSM
42502_22851_5587107,GOLAN T,HSDPA;il,2017-11-03 22:43:14,0,-79,32.2539177858423,34.8900679138929,40.3080902565323,24,GSM
08:97:58:32:61:5e,NIPPON_0373,[WPA-PSK-CCMP][WPS][ESS],2017-11-03 22:43:27,4,-94,32.2550090214513,34.8897708308666,48.1487945890494,16,WIFI
42502_22851_5587107,GOLAN T,HSDPA;il,2017-11-03 22:43:27,0,-77,32.2550090214513,34.8897708308666,48.1487945890494,16,GSM
08:97:58:32:61:5e,NIPPON_0373,[WPA-PSK-CCMP][WPS][ESS],2017-11-03 22:43:28,4,-86,32.2550476855148,34.889961011881,47.6810736109244,16,WIFI
08:97:58:32:61:5e,NIPPON_0373,[WPA-PSK-CCMP][WPS][ESS],2017-11-03 22:43:34,4,-83,32.2552434987547,34.8912821850517,43.5410845661554,16,WIFI
42502_22851_5587107,GOLAN T,HSDPA;il,2017-11-03 22:43:34,0,-75,32.2552434987547,34.8912821850517,43.5410845661554,16,GSM
08:97:58:32:61:5e,NIPPON_0373,[WPA-PSK-CCMP][WPS][ESS],2017-11-03 22:43:40,4,-75,32.2554194179381,34.8927042570304,41.1425798109698,16,WIFI
42502_22851_5581157,GOLAN T,HSDPA;il,2017-11-03 22:43:40,0,-77,32.2554194179381,34.8927042570304,41.1425798109698,16,GSM
08:97:58:32:61:5e,NIPPON_0373,[WPA-PSK-CCMP][WPS][ESS],2017-11-03 22:43:46,4,-88,32.255602857802,34.8941972256406,39.1600826697805,24,WIFI
42502_22851_5587108,GOLAN T,UNKNOWN;il,2017-11-03 22:43:46,0,-79,32.255602857802,34.8941972256406,39.1600826697805,24,GSM
08:97:58:32:61:5e,NIPPON_0373,[WPA-PSK-CCMP][WPS][ESS],2017-11-03 22:43:52,4,-92,32.2559702933533,34.8957635312129,51.0830032441473,16,WIFI
42502_22851_5587108,GOLAN T,UNKNOWN;il,2017-11-03 22:43:52,0,-73,32.2559702933533,34.8957635312129,51.0830032441473,16,GSM
08:97:58:32:61:5e,NIPPON_0373,[WPA-PSK-CCMP][WPS][ESS],2017-11-03 22:43:58,4,-95,32.2565145124197,34.8973243959972,51.4375196414993,24,WIFI
42502_22851_5587108,GOLAN T,UNKNOWN;il,2017-11-03 22:43:58,0,-71,32.2565145124197,34.8973243959972,51.4375196414993,24,GSM
08:97:58:32:b1:92,wifi in car-0566,[WPA-PSK-CCMP][WPS][ESS],2017-11-03 22:44:01,2,-88,32.2568178897705,34.8980521190904,49.3002603157906,16,WIFI
42502_22851_5587108,GOLAN T,UNKNOWN;il,2017-11-03 22:44:04,0,-75,32.2571238437303,34.898693072039,47.599524052577,12,GSM
08:97:58:32:61:5e,NIPPON_0373,[WPA-PSK-CCMP][WPS][ESS],2017-11-03 22:44:07,4,-98,32.2574380872689,34.8993244176933,46.7893552128528,24,WIFI
42502_22851_5587108,GOLAN T,UNKNOWN;il,2017-11-03 22:44:10,0,-77,32.2577774848038,34.8999266296237,44.998161729401,24,GSM
42502_22851_5587108,GOLAN T,UNKNOWN;il,2017-11-03 22:44:16,0,-83,32.2585151176579,34.9011772959522,45.1894810194315,16,GSM
42502_22851_5587108,GOLAN T,UNKNOWN;il,2017-11-03 22:44:22,0,-81,32.2591770716151,34.9026745183721,44.2765726506656,16,GSM
08:97:58:32:61:5e,NIPPON_0373,[WPA-PSK-CCMP][WPS][ESS],2017-11-03 22:44:25,4,-96,32.2594032956474,34.9034552466821,40.9304610774059,16,WIFI
42502_22851_5587108,GOLAN T,UNKNOWN;il,2017-11-03 22:44:28,0,-85,32.2595820638085,34.9042324040479,44.9153223265304,16,GSM
42502_22851_5587108,GOLAN T,UNKNOWN;il,2017-11-03 22:44:34,0,-85,32.2599003468821,34.9058675923784,43.2632392663262,24,GSM
08:97:58:32:61:5e,NIPPON_0373,[WPA-PSK-CCMP][WPS][ESS],2017-11-03 22:44:37,4,-93,32.2600244421546,34.9067386862934,39.2216965172367,24,WIFI
00:15:6d:4a:04:c5,MRS1,[WPA2-PSK-CCMP+TKIP][ESS],2017-11-03 22:44:40,6,-93,32.2601493623084,34.9075661142429,39.6033565256831,16,WIFI
42502_22851_5587108,GOLAN T,UNKNOWN;il,2017-11-03 22:44:40,0,-89,32.2601493623084,34.9075661142429,39.6033565256831,16,GSM
08:97:58:32:61:5e,NIPPON_0373,[WPA-PSK-CCMP][WPS][ESS],2017-11-03 22:44:43,4,-93,32.260254941641,34.9083604946654,40.7905242426456,16,WIFI
42502_22851_5587108,GOLAN T,UNKNOWN;il,2017-11-03 22:44:46,0,-91,32.2603644601579,34.9091255032747,45.0914706702268,16,GSM
08:97:58:32:61:5e,NIPPON_0373,[WPA-PSK-CCMP][WPS][ESS],2017-11-03 22:44:52,4,-93,32.2605597008982,34.9106473262181,52.5818715434263,16,WIFI
42502_22851_5581388,GOLAN T,HSDPA;il,2017-11-03 22:44:52,0,-83,32.2605597008982,34.9106473262181,52.5818715434263,16,GSM
42502_22851_5581388,GOLAN T,HSDPA;il,2017-11-03 22:44:57,0,-83,32.2607017687494,34.9119339347888,51.1090560597814,24,GSM
08:97:58:32:61:5e,NIPPON_0373,[WPA-PSK-CCMP][WPS][ESS],2017-11-03 22:44:59,4,-93,32.260728356703,34.9124084293591,51.8138733612284,24,WIFI
42502_22851_5581388,GOLAN T,HSDPA;il,2017-11-03 22:45:02,0,-89,32.2607623717801,34.9129886073681,55.3732043210387,24,GSM
08:97:58:32:61:5e,NIPPON_0373,[WPA-PSK-CCMP][WPS][ESS],2017-11-03 22:45:05,4,-80,32.2607791201489,34.9133726089044,55.6283999174238,24,WIFI
42502_22851_5581389,GOLAN T,HSDPA;il,2017-11-03 22:45:05,0,-89,32.2607791201489,34.9133726089044,55.6283999174238,24,GSM
42502_22851_5581388,GOLAN T,HSDPA;il,2017-11-03 22:45:11,0,-81,32.2608559469245,34.9136640236442,51.5500906259812,24,GSM
42502_22851_5611851,GOLAN T,HSDPA;il,2017-11-03 22:45:16,0,-81,32.2608559469245,34.9136640236442,51.4536812105675,16,GSM
08:97:58:32:61:5e,NIPPON_0373,[WPA-PSK-CCMP][WPS][ESS],2017-11-03 22:45:19,4,-75,32.2608559469245,34.9136640236442,51.3704284083291,12,WIFI
42502_22851_5631854,GOLAN T,HSDPA;il,2017-11-03 22:45:22,0,-73,32.2608559469245,34.9136640236442,51.2541019231584,12,GSM
08:97:58:32:61:5e,NIPPON_0373,[WPA-PSK-CCMP][WPS][ESS],2017-11-03 22:45:25,4,-69,32.2608559469245,34.9136640236442,51.1475928129171,8,WIFI
42502_22851_5631854,GOLAN T,HSDPA;il,2017-11-03 22:45:28,0,-63,32.2608559469245,34.9136640236442,50.6514452649007,24,GSM
08:97:58:32:61:5e,NIPPON_0373,[WPA-PSK-CCMP][WPS][ESS],2017-11-03 22:45:37,4,-88,32.2609405844544,34.9146852324481,41.1532278024487,24,WIFI
42502_22851_5631854,GOLAN T,HSDPA;il,2017-11-03 22:45:37,0,-61,32.2609405844544,34.9146852324481,41.1532278024487,24,GSM
42502_22851_5631854,GOLAN T,HSDPA;il,2017-11-03 22:45:43,0,-63,32.2611374486988,34.9157711492674,44.3455023432681,16,GSM
08:97:58:32:61:5e,NIPPON_0373,[WPA-PSK-CCMP][WPS][ESS],2017-11-03 22:45:46,4,-96,32.2612558249997,34.916330150851,43.4135730356807,24,WIFI
42502_22851_5631854,GOLAN T,HSDPA;il,2017-11-03 22:45:49,0,-65,32.2613958487358,34.9169144838252,44.8408540429262,16,GSM
14:ae:db:c9:c0:32,joshua,[WPA2-PSK-CCMP][ESS],2017-11-03 22:45:52,10,-96,32.2615098406513,34.9175320585022,48.6524308088142,16,WIFI
74:da:38:53:94:be,Dromy_6,[WEP][ESS],2017-11-03 22:45:52,2,-97,32.2615098406513,34.9175320585022,48.6524308088142,16,WIFI
08:97:58:33:4f:2c,wifi in car-2178,[WPA-PSK-CCMP][WPS][ESS],2017-11-03 22:45:55,1,-90,32.261610537738,34.9181571826957,51.120699079927,16,WIFI
a0:f3:c1:73:5b:1e,TP-LINK_735B1E,[WPA2-PSK-CCMP][WPS][ESS],2017-11-03 22:45:55,8,-98,32.261610537738,34.9181571826957,51.120699079927,16,WIFI
42502_22851_5631854,GOLAN T,HSDPA;il,2017-11-03 22:45:55,0,-69,32.261610537738,34.9181571826957,51.120699079927,16,GSM
c0:ac:54:f8:5b:83,michael,[WPA-PSK-CCMP+TKIP][WPA2-PSK-CCMP+TKIP][ESS],2017-11-03 22:45:58,6,-95,32.2616941575258,34.9187804839983,54.8365018767838,24,WIFI
c8:3a:35:38:3d:50,Sapir_Up,[WPA2-PSK-CCMP][ESS],2017-11-03 22:45:58,11,-97,32.2616941575258,34.9187804839983,54.8365018767838,24,WIFI
42502_22851_5611382,GOLAN T,UNKNOWN;il,2017-11-03 22:45:58,0,-75,32.2616941575258,34.9187804839983,54.8365018767838,24,GSM
42502_22851_5611382,GOLAN T,UNKNOWN;il,2017-11-03 22:46:04,0,-77,32.2617368958477,34.9200727487045,59.040560287588,24,GSM
f0:ee:10:78:66:80,AndroidAP,[WPA2-PSK-CCMP][ESS][SEC80],2017-11-03 22:46:07,6,-92,32.2617758571282,34.9207072063454,62.7684772455865,16,WIFI
00:21:29:b6:11:3e,linksys-orange,[WPA2-PSK-TKIP][ESS],2017-11-03 22:46:07,9,-95,32.2617758571282,34.9207072063454,62.7684772455865,16,WIFI
42502_22851_5611382,GOLAN T,UNKNOWN;il,2017-11-03 22:46:10,0,-79,32.2618306784797,34.9213224151378,63.5188360370909,16,GSM
42502_22851_5611382,GOLAN T,UNKNOWN;il,2017-11-03 22:46:16,0,-73,32.2618647747635,34.9225511352829,64.1956717822432,16,GSM
06:ae:db:b3:03:55,BezeqFree,[WPA2-PSK-CCMP][ESS],2017-11-03 22:46:19,11,-89,32.2617729312259,34.9231556764968,63.1564341941265,12,WIFI
90:8d:78:51:7b:07,Alon_2.4,[WPA2-PSK-CCMP][ESS],2017-11-03 22:46:19,2,-90,32.2617729312259,34.9231556764968,63.1564341941265,12,WIFI
14:ae:db:b3:03:55,GalFranses,[WPA2-PSK-CCMP][ESS],2017-11-03 22:46:19,11,-90,32.2617729312259,34.9231556764968,63.1564341941265,12,WIFI
42502_22851_5611382,GOLAN T,UNKNOWN;il,2017-11-03 22:46:22,0,-73,32.2616782074021,34.9237460349702,62.2171735625477,12,GSM
74:ea:3a:fb:4e:06,TP-LINK_FB4E06,[ESS],2017-11-03 22:46:25,1,-93,32.2615978725959,34.9242564048894,61.1852410250977,16,WIFI
ec:3d:fd:63:61:a5,vYou_DDPai_Mini2,[WPA2-PSK-CCMP][WPS][ESS],2017-11-03 22:46:27,4,-87,32.2615573173377,34.924544292231,61.9219288690572,16,WIFI
42502_22851_5611382,GOLAN T,UNKNOWN;il,2017-11-03 22:46:30,0,-75,32.2614929718525,34.924845445278,63.9703128959573,24,GSM
4e:66:41:b0:be:81,Eitan wifi,[WPA2-PSK-CCMP][ESS][SEC80],2017-11-03 22:46:32,11,-93,32.2614410186279,34.9249717583249,63.0513537798047,24,WIFI
74:ea:3a:fb:4e:06,TP-LINK_FB4E06,[ESS],2017-11-03 22:46:44,1,-91,32.2602686048567,34.9247983109279,61.4554371467383,16,WIFI
42502_22851_5611382,GOLAN T,UNKNOWN;il,2017-11-03 22:46:44,0,-71,32.2602686048567,34.9247983109279,61.4554371467383,16,GSM
94:10:3e:87:79:e4,TheNinios,[WPA2-PSK-CCMP][ESS],2017-11-03 22:46:47,9,-89,32.2598200142721,34.9246827569687,60.4651854748142,16,WIFI
c8:3a:35:b0:18:39,TheNinios-up,[WPA2-PSK-CCMP][WPS][ESS],2017-11-03 22:46:47,1,-93,32.2598200142721,34.9246827569687,60.4651854748142,16,WIFI
42502_22851_5611382,GOLAN T,UNKNOWN;il,2017-11-03 22:46:53,0,-77,32.2589440866698,34.9244510215212,69.1237422070543,16,GSM
40:b0:34:89:f8:22,DIRECT-21-HP OfficeJet Pro 6970,[WPA2-PSK-CCMP][WPS][ESS],2017-11-03 22:47:02,1,-94,32.2578749348208,34.9241437981229,66.7035779996044,32,WIFI
6a:6f:13:71:20:05,BezeqFree,[WPA2-PSK-CCMP][ESS],2017-11-03 22:47:02,2,-95,32.2578749348208,34.9241437981229,66.7035779996044,32,WIFI
42502_22851_5611382,GOLAN T,UNKNOWN;il,2017-11-03 22:47:02,0,-83,32.2578749348208,34.9241437981229,66.7035779996044,32,GSM
6a:6f:13:71:20:05,BezeqFree,[WPA2-PSK-CCMP][ESS],2017-11-03 22:47:05,2,-86,32.2578307778188,34.9241271389913,65.3160697629672,32,WIFI
e4:6f:13:71:20:04,a-team1,[WPA2-PSK-CCMP][ESS],2017-11-03 22:47:05,2,-93,32.2578307778188,34.9241271389913,65.3160697629672,32,WIFI
b0:b2:8f:04:b7:56,Shiffman,[WPA-PSK-CCMP+TKIP][WPA2-PSK-CCMP+TKIP][ESS],2017-11-03 22:47:09,3,-85,32.2578307778188,34.9241271389913,65.0257645169791,24,WIFI
e4:6f:13:71:20:04,a-team1,[WPA2-PSK-CCMP][ESS],2017-11-03 22:47:12,2,-87,32.2578376205763,34.9240828225907,64.1820052742047,24,WIFI
f8:ab:05:4d:82:9f,HOTFiber-E703,[WPA-PSK-CCMP+TKIP][WPA2-PSK-CCMP+TKIP][ESS],2017-11-03 22:47:18,11,-91,32.257349567686,34.9239709420317,63.0743155087027,24,WIFI
b4:ee:b4:fe:32:96,HOTFiber-E703,[WPA-PSK-CCMP+TKIP][WPA2-PSK-CCMP+TKIP][ESS],2017-11-03 22:47:18,11,-92,32.257349567686,34.9239709420317,63.0743155087027,24,WIFI
6a:fc:af:9a:34:1d,Bezeq Free F0149E,[ESS],2017-11-03 22:47:21,1,-92,32.2570261258491,34.9239095402782,61.0915185676962,24,WIFI
f8:ab:05:eb:21:37,Eliran,[WPA-PSK-CCMP+TKIP][WPA2-PSK-CCMP+TKIP][ESS],2017-11-03 22:47:24,11,-82,32.2568254423996,34.9238747829854,60.9242422306569,24,WIFI
42502_22851_5611382,GOLAN T,UNKNOWN;il,2017-11-03 22:47:24,0,-79,32.2568254423996,34.9238747829854,60.9242422306569,24,GSM
14:af:db:c9:c7:9a,BezeqFree,[WPA2-PSK-CCMP][ESS],2017-11-03 22:47:27,1,-88,32.2566304117743,34.9238184339855,61.8607944513044,24,WIFI
14:ae:db:c9:c7:9a,Tamsfamily,[WPA2-PSK-CCMP][ESS],2017-11-03 22:47:27,1,-89,32.2566304117743,34.9238184339855,61.8607944513044,24,WIFI
fa:8f:ca:7b:72:57,?????,[ESS],2017-11-03 22:47:27,11,-92,32.2566304117743,34.9238184339855,61.8607944513044,24,WIFI
42502_22851_5610693,GOLAN T,UNKNOWN;il,2017-11-03 22:47:27,0,-79,32.2566304117743,34.9238184339855,61.8607944513044,24,GSM
00:1f:1f:a9:fb:9f,Default,[WPS][ESS],2017-11-03 22:47:30,6,-91,32.2564191755607,34.9237545221296,61.5250537882477,24,WIFI
00:1f:1f:a9:fb:9f,Default,[WPS][ESS],2017-11-03 22:47:33,6,-82,32.2562289563596,34.9236644687999,58.0148486547154,32,WIFI
f4:f2:6d:6d:81:17,AluTheKing,[WPA-PSK-CCMP+TKIP][WPA2-PSK-CCMP+TKIP][WPS][ESS],2017-11-03 22:47:33,11,-89,32.2562289563596,34.9236644687999,58.0148486547154,32,WIFI
fa:8f:ca:7b:72:57,?????,[ESS],2017-11-03 22:47:36,11,-81,32.2560310444427,34.923576489407,52.9383699850857,32,WIFI
14:ae:db:ca:18:6a,Dana,[WPA2-PSK-CCMP][ESS],2017-11-03 22:47:36,5,-86,32.2560310444427,34.923576489407,52.9383699850857,32,WIFI
14:af:db:ca:18:6a,BezeqFree,[WPA2-PSK-CCMP][ESS],2017-11-03 22:47:36,5,-86,32.2560310444427,34.923576489407,52.9383699850857,32,WIFI
a4:2b:b0:e0:3d:3a,AluTheKing,[WPA-PSK-CCMP+TKIP][WPA2-PSK-CCMP+TKIP][WPS][ESS],2017-11-03 22:47:36,11,-86,32.2560310444427,34.923576489407,52.9383699850857,32,WIFI
14:ae:db:3e:3b:aa,ami_hasson_2.4,[WPA2-PSK-CCMP][ESS],2017-11-03 22:47:36,1,-90,32.2560310444427,34.923576489407,52.9383699850857,32,WIFI
e0:ce:c3:ef:fb:43,Skverer,[WPA-PSK-CCMP+TKIP][WPA2-PSK-CCMP+TKIP][ESS],2017-11-03 22:47:36,11,-92,32.2560310444427,34.923576489407,52.9383699850857,32,WIFI
d8:42:ac:11:07:8e,Shwartzberg,[WPA2-PSK-CCMP][WPS][ESS],2017-11-03 22:47:39,2,-76,32.2557952303905,34.923471589739,53.1173660946335,24,WIFI
08:3e:5d:54:32:b3,HOTBOX-5DB2,[WPA-PSK-CCMP+TKIP][WPA2-PSK-CCMP+TKIP][ESS],2017-11-03 22:47:39,11,-82,32.2557952303905,34.923471589739,53.1173660946335,24,WIFI
10:5a:f7:0a:87:e9,Tova_2.4,[WPA2-PSK-CCMP][ESS],2017-11-03 22:47:39,1,-83,32.2557952303905,34.923471589739,53.1173660946335,24,WIFI
ec:08:6b:bc:68:0d,YAHAV_2.4GHz,[WPA2-PSK-CCMP][WPS][ESS],2017-11-03 22:47:39,1,-86,32.2557952303905,34.923471589739,53.1173660946335,24,WIFI
c4:12:f5:f7:15:f2,Home59,[WPA2-PSK-CCMP][ESS],2017-11-03 22:47:39,11,-89,32.2557952303905,34.923471589739,53.1173660946335,24,WIFI
80:1f:02:51:39:8a,EdimaxAP,[WPA2-PSK-CCMP][ESS],2017-11-03 22:47:39,11,-90,32.2557952303905,34.923471589739,53.1173660946335,24,WIFI
f4:f2:6d:2b:22:48,HOT,[WPA-PSK-CCMP][WPA2-PSK-CCMP][WPS][ESS],2017-11-03 22:47:39,10,-93,32.2557952303905,34.923471589739,53.1173660946335,24,WIFI
ec:08:6b:77:c4:75,Home59,[WPA2-PSK-CCMP+TKIP][WPS][ESS],2017-11-03 22:47:39,11,-93,32.2557952303905,34.923471589739,53.1173660946335,24,WIFI
cc:b2:55:e9:24:e0,YAHAV,[WPA2-PSK-CCMP][ESS],2017-11-03 22:47:39,6,-94,32.2557952303905,34.923471589739,53.1173660946335,24,WIFI
d0:84:b0:fe:c2:95,bat71,[WPA-PSK-CCMP+TKIP][WPA2-PSK-CCMP+TKIP][ESS],2017-11-03 22:47:42,1,-88,32.2555459609449,34.9232941673607,59.1693202556677,24,WIFI
d0:84:b0:93:77:01,bat71,[WPA-PSK-CCMP+TKIP][WPA2-PSK-CCMP+TKIP][ESS],2017-11-03 22:47:42,13,-97,32.2555459609449,34.9232941673607,59.1693202556677,24,WIFI
42502_22851_5610693,GOLAN T,UNKNOWN;il,2017-11-03 22:47:42,0,-85,32.2555459609449,34.9232941673607,59.1693202556677,24,GSM
18:a6:f7:6b:c1:00,Liat,[WPA-PSK-CCMP+TKIP][WPA2-PSK-CCMP+TKIP][WPS][ESS],2017-11-03 22:47:45,1,-87,32.2552682850911,34.9230770106146,65.431008554242,32,WIFI
3c:1e:04:08:46:a2,marini 2.4,[WPA2-PSK-CCMP][ESS],2017-11-03 22:47:45,6,-91,32.2552682850911,34.9230770106146,65.431008554242,32,WIFI
14:ae:db:3b:66:a5,Tsur,[WPA2-PSK-CCMP][ESS],2017-11-03 22:47:45,1,-93,32.2552682850911,34.9230770106146,65.431008554242,32,WIFI
80:1f:02:4d:eb:6c,Sheffer,[WEP][ESS],2017-11-03 22:47:45,11,-95,32.2552682850911,34.9230770106146,65.431008554242,32,WIFI
42502_22851_5610699,GOLAN T,HSDPA;il,2017-11-03 22:47:45,0,-85,32.2552682850911,34.9230770106146,65.431008554242,32,GSM
00:0c:c3:d0:21:8c,HOME,[WPA-PSK-CCMP+TKIP][WPA2-PSK-CCMP+TKIP][WPS][ESS],2017-11-03 22:47:48,11,-83,32.2549904962787,34.9228612710276,70.8838178301965,24,WIFI
e8:fc:af:81:c3:0d,shmool_2GEXT,[WPA2-PSK-CCMP][WPS][ESS],2017-11-03 22:47:48,1,-90,32.2549904962787,34.9228612710276,70.8838178301965,24,WIFI
18:d6:c7:83:d9:5e,gabay,[WPA-PSK-CCMP+TKIP][WPA2-PSK-CCMP+TKIP][WPS][ESS],2017-11-03 22:47:51,11,-94,32.2547849165081,34.9227094219942,70.0110108209363,16,WIFI
90:8d:78:51:b8:3c,home_2.4,[WPA2-PSK-CCMP][ESS],2017-11-03 22:47:51,1,-88,32.2547849165081,34.9227094219942,70.0110108209363,16,WIFI
00:12:2a:1c:a7:8c,toibis,[WPA-PSK-CCMP+TKIP][WPA2-PSK-CCMP+TKIP][ESS],2017-11-03 22:47:51,1,-89,32.2547849165081,34.9227094219942,70.0110108209363,16,WIFI
74:da:da:07:6b:9f,DAP-1360,[WPA2-PSK-CCMP][ESS],2017-11-03 22:47:51,5,-90,32.2547849165081,34.9227094219942,70.0110108209363,16,WIFI
74:da:3c:80:34:b8,012Smile,[WPA2-PSK-CCMP][ESS],2017-11-03 22:47:51,10,-92,32.2547849165081,34.9227094219942,70.0110108209363,16,WIFI
c4:04:15:60:6e:e0,shmool,[WPA2-PSK-CCMP][WPS][ESS],2017-11-03 22:47:51,1,-92,32.2547849165081,34.9227094219942,70.0110108209363,16,WIFI
90:8d:78:51:b8:3b,home_5,[WPA2-PSK-CCMP][ESS],2017-11-03 22:47:54,48,-87,32.2546307326214,34.9226031929395,70.9891046428136,24,WIFI
74:da:3c:80:34:b8,012Smile,[WPA2-PSK-CCMP][ESS],2017-11-03 22:47:54,10,-86,32.2546307326214,34.9226031929395,70.9891046428136,24,WIFI
74:da:38:80:34:b7,012Smile_2EX,[WPA2-PSK-CCMP][WPS][ESS],2017-11-03 22:47:54,10,-88,32.2546307326214,34.9226031929395,70.9891046428136,24,WIFI
c0:ff:d4:7b:c8:26,Gershon7745287,[WPA2-PSK-CCMP][WPS][ESS],2017-11-03 22:47:54,1,-90,32.2546307326214,34.9226031929395,70.9891046428136,24,WIFI
00:90:8f:81:c0:54,012Smile,[WPA-PSK-CCMP+TKIP][WPA2-PSK-CCMP+TKIP][ESS],2017-11-03 22:47:57,10,-84,32.2544185333085,34.9224328699188,74.7831960710904,16,WIFI
c4:a8:1d:7b:e2:b6,dlink-E2B6,[WPA-PSK-CCMP+TKIP][WPA2-PSK-CCMP+TKIP][WPS][ESS],2017-11-03 22:48:01,6,-96,32.2541312243229,34.922210099625,73.6386631714586,16,WIFI
a0:04:60:88:33:ae,YAIR_5_5GEXT,[WPA2-PSK-CCMP][WPS][ESS],2017-11-03 22:48:01,44,-88,32.2541312243229,34.922210099625,73.6386631714586,16,WIFI
c0:ac:54:f8:8b:06,HOTBOX-ED84,[WPA-PSK-CCMP+TKIP][WPA2-PSK-CCMP+TKIP][ESS],2017-11-03 22:48:01,11,-92,32.2541312243229,34.922210099625,73.6386631714586,16,WIFI
a0:04:60:88:33:af,YAIR_2.4_2GEXT,[WPA2-PSK-CCMP][WPS][ESS],2017-11-03 22:48:01,1,-95,32.2541312243229,34.922210099625,73.6386631714586,16,WIFI
42502_22851_5610699,GOLAN T,HSDPA;il,2017-11-03 22:48:01,0,-87,32.2541312243229,34.922210099625,73.6386631714586,16,GSM
a0:4f:d4:2a:cc:f1,YAIR_2.4,[WPA2-PSK-CCMP][ESS],2017-11-03 22:48:04,1,-90,32.2539110324586,34.9220351879909,69.3030951479784,24,WIFI
a0:ab:1b:61:d2:f6,SHAULKOR,[WPA2-PSK-CCMP][ESS],2017-11-03 22:48:04,9,-94,32.2539110324586,34.9220351879909,69.3030951479784,24,WIFI
5a:ab:1b:61:d2:f7,BezeqFree,[WPA2-PSK-CCMP][ESS],2017-11-03 22:48:04,9,-94,32.2539110324586,34.9220351879909,69.3030951479784,24,WIFI
84:16:f9:3b:c9:e4,Elkanovich 3rd floor,[WPA2-PSK-CCMP][WPS][ESS],2017-11-03 22:48:04,1,-96,32.2539110324586,34.9220351879909,69.3030951479784,24,WIFI
84:16:f9:3b:c9:e4,Elkanovich 3rd floor,[WPA2-PSK-CCMP][WPS][ESS],2017-11-03 22:48:08,1,-88,32.2536051496933,34.9218456584963,71.3214205339107,16,WIFI
fa:8f:ca:65:8c:8b,,[ESS],2017-11-03 22:48:18,6,-94,32.2533864912481,34.9218032636518,70.9793873623162,16,WIFI
42502_22851_5611385,GOLAN T,HSDPA;il,2017-11-03 22:48:18,0,-89,32.2533864912481,34.9218032636518,70.9793873623162,16,GSM
18:a6:f7:e1:89:a4,Suissa-Family-24,[WPA2-PSK-CCMP][WPS][ESS],2017-11-03 22:48:21,6,-93,32.2533220295775,34.9218032070242,71.2502335013712,24,WIFI
42502_22851_5610693,GOLAN T,UNKNOWN;il,2017-11-03 22:48:21,0,-89,32.2533220295775,34.9218032070242,71.2502335013712,24,GSM
fa:8f:ca:65:8c:8b,,[ESS],2017-11-03 22:48:27,6,-89,32.2532368198781,34.9219331670309,71.5728418324086,24,WIFI
fa:8f:ca:65:8c:8b,,[ESS],2017-11-03 22:48:30,6,-81,32.2532317490698,34.9219600988435,71.720183146622,24,WIFI
18:a6:f7:e1:89:a6,Suissa-Family,[WPA2-PSK-CCMP][WPS][ESS],2017-11-03 22:48:30,44,-80,32.2532317490698,34.9219600988435,71.720183146622,24,WIFI
14:ae:db:3c:73:4a,bachar2.4,[WPA2-PSK-CCMP][ESS],2017-11-03 22:48:30,8,-90,32.2532317490698,34.9219600988435,71.720183146622,24,WIFI
e8:94:f6:01:ef:3e,TP-LINK_AP_01EF3E,[WPS][ESS],2017-11-03 22:48:30,6,-94,32.2532317490698,34.9219600988435,71.720183146622,24,WIFI
e8:94:f6:01:ef:3e,TP-LINK_AP_01EF3E,[WPS][ESS],2017-11-03 22:48:34,6,-89,32.2532317490698,34.9219600988435,71.7337949208409,16,WIFI
b8:55:10:25:bb:14,DVD2,[WPA-PSK-CCMP][ESS],2017-11-03 22:48:34,11,-87,32.2532317490698,34.9219600988435,71.7337949208409,16,WIFI
c4:12:f5:84:19:fc,Ronen21,[WPA2-PSK-CCMP][ESS],2017-11-03 22:48:36,1,-98,32.2532317490698,34.9219600988435,71.7569585299967,32,WIFI
c4:12:f5:83:0e:9b,Bezeq_WiFi_2.4,[ESS],2017-11-03 22:48:36,1,-91,32.2532317490698,34.9219600988435,71.7569585299967,32,WIFI
14:ae:db:3c:73:4a,bachar2.4,[WPA2-PSK-CCMP][ESS],2017-11-03 22:48:39,8,-81,32.2532317490698,34.9219600988435,72.0061067493221,24,WIFI
c4:12:f5:83:0e:9b,Bezeq_WiFi_2.4,[ESS],2017-11-03 22:48:39,1,-79,32.2532317490698,34.9219600988435,72.0061067493221,24,WIFI
b0:48:7a:a0:89:ea,EILATYMBR,[WPS][WEP][ESS],2017-11-03 22:48:42,1,-81,32.2531861194268,34.9220826248826,72.3443267028107,16,WIFI
b0:48:7a:a0:89:ea,EILATYMBR,[WPS][WEP][ESS],2017-11-03 22:48:45,1,-73,32.2531609577912,34.9221407221182,72.7027354675525,24,WIFI
06:ae:db:b3:5e:65,BezeqFree,[WPA2-PSK-CCMP][ESS],2017-11-03 22:48:45,11,-78,32.2531609577912,34.9221407221182,72.7027354675525,24,WIFI
14:ae:db:b3:5e:65,EILATY,[WPA2-PSK-CCMP][ESS],2017-11-03 22:48:45,11,-82,32.2531609577912,34.9221407221182,72.7027354675525,24,WIFI
e8:fc:af:97:85:1e,Marathon2.4,[WPA2-PSK-CCMP][WPS][ESS],2017-11-03 22:48:45,1,-84,32.2531609577912,34.9221407221182,72.7027354675525,24,WIFI
e0:ce:c3:8c:cb:b2,mife,[WPA-PSK-CCMP+TKIP][WPA2-PSK-CCMP+TKIP][WPS][ESS],2017-11-03 22:48:45,6,-96,32.2531609577912,34.9221407221182,72.7027354675525,24,WIFI
e0:ce:c3:8c:cb:b2,mife,[WPA-PSK-CCMP+TKIP][WPA2-PSK-CCMP+TKIP][WPS][ESS],2017-11-03 22:48:49,6,-89,32.2531326558835,34.9222296983257,73.0273589587692,24,WIFI
fc:15:b4:aa:de:5a,HP-Print-5A-Officejet Pro 8610,[WPA2-PSK-CCMP][ESS],2017-11-03 22:48:54,6,-90,32.2531326558835,34.9222296983257,73.0486867659263,24,WIFI
14:ae:db:cb:dd:bd,Michal,[WPA-PSK-CCMP+TKIP][WPA2-PSK-CCMP+TKIP][WPS][ESS],2017-11-03 22:48:54,1,-92,32.2531326558835,34.9222296983257,73.0486867659263,24,WIFI
b0:48:7a:a0:89:ea,EILATYMBR,[WPS][WEP][ESS],2017-11-03 22:49:06,1,-67,32.2531326558835,34.9222296983257,73.2706682705493,12,WIFI
fc:15:b4:aa:de:5a,HP-Print-5A-Officejet Pro 8610,[WPA2-PSK-CCMP][ESS],2017-11-03 22:49:06,6,-85,32.2531326558835,34.9222296983257,73.2706682705493,12,WIFI
e0:ce:c3:8c:cb:b2,mife,[WPA-PSK-CCMP+TKIP][WPA2-PSK-CCMP+TKIP][WPS][ESS],2017-11-03 22:49:06,6,-82,32.2531326558835,34.9222296983257,73.2706682705493,12,WIFI
40:65:a3:25:20:38,Wider,[WPA-PSK-CCMP+TKIP][WPA2-PSK-CCMP+TKIP][ESS],2017-11-03 22:49:06,11,-84,32.2531326558835,34.9222296983257,73.2706682705493,12,WIFI
14:ae:db:cb:dd:bd,Michal,[WPA-PSK-CCMP+TKIP][WPA2-PSK-CCMP+TKIP][WPS][ESS],2017-11-03 22:49:06,1,-85,32.2531326558835,34.9222296983257,73.2706682705493,12,WIFI
14:ae:db:3c:73:4d,bachar2.4_5,[WPA2-PSK-CCMP][ESS],2017-11-03 22:49:09,48,-91,32.2531326558835,34.9222296983257,73.3855902568135,8,WIFI
b8:55:10:25:bb:14,DVD2,[WPA-PSK-CCMP][ESS],2017-11-03 22:49:12,11,-82,32.2531326558835,34.9222296983257,73.544589908481,8,WIFI
7c:d1:c3:cd:52:42,HP's Network,[WPA2-PSK-CCMP][ESS],2017-11-03 22:49:18,1,-96,32.2531326558835,34.9222296983257,73.4629998150833,12,WIFI
42502_22851_5610693,GOLAN T,UNKNOWN;il,2017-11-03 22:49:21,0,-83,32.2531326558835,34.9222296983257,73.5457169634303,12,GSM
fa:8f:ca:78:e5:94,,[ESS],2017-11-03 22:49:24,1,-93,32.2531326558835,34.9222296983257,73.7780091754171,16,WIFI
b8:55:10:25:bb:14,DVD2,[WPA-PSK-CCMP][ESS],2017-11-03 22:49:28,11,-76,32.2531326558835,34.9222296983257,73.7771104529281,16,WIFI
fa:8f:ca:78:e5:94,,[ESS],2017-11-03 22:49:30,1,-87,32.2531326558835,34.9222296983257,73.7674367920131,24,WIFI
7c:d1:c3:cd:52:42,HP's Network,[WPA2-PSK-CCMP][ESS],2017-11-03 22:49:30,1,-88,32.2531326558835,34.9222296983257,73.7674367920131,24,WIFI
b8:55:10:25:bb:14,DVD2,[WPA-PSK-CCMP][ESS],2017-11-03 22:49:36,11,-68,32.2531326558835,34.9222296983257,73.2682922788868,16,WIFI
